﻿file_name,label
processedImage3401.png,r
processedImage3402.png,r
processedImage3403.png,r
processedImage3404.png,r
processedImage3405.png,r
processedImage3406.png,r
processedImage3407.png,r
processedImage3408.png,r
processedImage3409.png,r
processedImage3410.png,r
processedImage3411.png,r
processedImage3412.png,r
processedImage3413.png,r
processedImage3414.png,r
processedImage3415.png,r
processedImage3416.png,r
processedImage3417.png,r
processedImage3418.png,r
processedImage3419.png,r
processedImage3420.png,r
processedImage3421.png,r
processedImage3422.png,r
processedImage3423.png,r
processedImage3424.png,r
processedImage3425.png,r
processedImage3426.png,r
processedImage3427.png,r
processedImage3428.png,r
processedImage3429.png,r
processedImage3430.png,r
processedImage3431.png,r
processedImage3432.png,r
processedImage3433.png,r
processedImage3434.png,r
processedImage3435.png,r
processedImage3436.png,r
processedImage3437.png,r
processedImage3438.png,r
processedImage3439.png,r
processedImage3440.png,r
processedImage3441.png,r
processedImage3442.png,r
processedImage3443.png,r
processedImage3444.png,r
processedImage3445.png,r
processedImage3446.png,r
processedImage3447.png,r
processedImage3448.png,r
processedImage3449.png,r
processedImage3450.png,r
processedImage3451.png,r
processedImage3452.png,r
processedImage3453.png,r
processedImage3454.png,r
processedImage3455.png,r
processedImage3456.png,r
processedImage3457.png,r
processedImage3458.png,r
processedImage3459.png,r
processedImage3460.png,r
processedImage3461.png,r
processedImage3462.png,r
processedImage3463.png,r
processedImage3464.png,r
processedImage3465.png,r
processedImage3466.png,r
processedImage3467.png,r
processedImage3468.png,r
processedImage3469.png,r
processedImage3470.png,r
processedImage3471.png,r
processedImage3472.png,r
processedImage3473.png,r
processedImage3474.png,r
processedImage3475.png,r
processedImage3476.png,r
processedImage3477.png,r
processedImage3478.png,r
processedImage3479.png,r
processedImage3480.png,r
processedImage3481.png,r
processedImage3482.png,r
processedImage3483.png,r
processedImage3484.png,r
processedImage3485.png,r
processedImage3486.png,r
processedImage3487.png,r
processedImage3488.png,r
processedImage3489.png,r
processedImage3490.png,r
processedImage3491.png,r
processedImage3492.png,r
processedImage3493.png,r
processedImage3494.png,r
processedImage3495.png,r
processedImage3496.png,r
processedImage3497.png,r
processedImage3498.png,r
processedImage3499.png,r
processedImage3500.png,r
processedImage3501.png,r
processedImage3502.png,r
processedImage3503.png,r
processedImage3504.png,r
processedImage3505.png,r
processedImage3506.png,r
processedImage3507.png,r
processedImage3508.png,r
processedImage3509.png,r
processedImage3510.png,r
processedImage3511.png,r
processedImage3512.png,r
processedImage3513.png,r
processedImage3514.png,r
processedImage3515.png,r
processedImage3516.png,r
processedImage3517.png,r
processedImage3518.png,r
processedImage3519.png,r
processedImage3520.png,r
processedImage3521.png,r
processedImage3522.png,r
processedImage3523.png,r
processedImage3524.png,r
processedImage3525.png,r
processedImage3526.png,r
processedImage3527.png,r
processedImage3528.png,r
processedImage3529.png,r
processedImage3530.png,r
processedImage3531.png,r
processedImage3532.png,r
processedImage3533.png,r
processedImage3534.png,r
processedImage3535.png,r
processedImage3536.png,r
processedImage3537.png,r
processedImage3538.png,r
processedImage3539.png,r
processedImage3540.png,r
processedImage3541.png,r
processedImage3542.png,r
processedImage3543.png,r
processedImage3544.png,r
processedImage3545.png,r
processedImage3546.png,r
processedImage3547.png,r
processedImage3548.png,r
processedImage3549.png,r
processedImage3550.png,r
processedImage3551.png,r
processedImage3552.png,r
processedImage3553.png,r
processedImage3554.png,r
processedImage3555.png,r
processedImage3556.png,r
processedImage3557.png,r
processedImage3558.png,r
processedImage3559.png,r
processedImage3560.png,r
processedImage3561.png,r
processedImage3562.png,r
processedImage3563.png,r
processedImage3564.png,r
processedImage3565.png,r
processedImage3566.png,r
processedImage3567.png,r
processedImage3568.png,r
processedImage3569.png,r
processedImage3570.png,r
processedImage3571.png,r
processedImage3572.png,r
processedImage3573.png,r
processedImage3574.png,r
processedImage3575.png,r
processedImage3576.png,r
processedImage3577.png,r
processedImage3578.png,r
processedImage3579.png,r
processedImage3580.png,r
processedImage3581.png,r
processedImage3582.png,r
processedImage3583.png,r
processedImage3584.png,r
processedImage3585.png,r
processedImage3586.png,r
processedImage3587.png,r
processedImage3588.png,r
processedImage3589.png,r
processedImage3590.png,r
processedImage3591.png,r
processedImage3592.png,r
processedImage3593.png,r
processedImage3594.png,r
processedImage3595.png,r
processedImage3596.png,r
processedImage3597.png,r
processedImage3598.png,r
processedImage3599.png,r
processedImage3600.png,r