﻿file_name,label
processedImage5001.png,z
processedImage5002.png,z
processedImage5003.png,z
processedImage5004.png,z
processedImage5005.png,z
processedImage5006.png,z
processedImage5007.png,z
processedImage5008.png,z
processedImage5009.png,z
processedImage5010.png,z
processedImage5011.png,z
processedImage5012.png,z
processedImage5013.png,z
processedImage5014.png,z
processedImage5015.png,z
processedImage5016.png,z
processedImage5017.png,z
processedImage5018.png,z
processedImage5019.png,z
processedImage5020.png,z
processedImage5021.png,z
processedImage5022.png,z
processedImage5023.png,z
processedImage5024.png,z
processedImage5025.png,z
processedImage5026.png,z
processedImage5027.png,z
processedImage5028.png,z
processedImage5029.png,z
processedImage5030.png,z
processedImage5031.png,z
processedImage5032.png,z
processedImage5033.png,z
processedImage5034.png,z
processedImage5035.png,z
processedImage5036.png,z
processedImage5037.png,z
processedImage5038.png,z
processedImage5039.png,z
processedImage5040.png,z
processedImage5041.png,z
processedImage5042.png,z
processedImage5043.png,z
processedImage5044.png,z
processedImage5045.png,z
processedImage5046.png,z
processedImage5047.png,z
processedImage5048.png,z
processedImage5049.png,z
processedImage5050.png,z
processedImage5051.png,z
processedImage5052.png,z
processedImage5053.png,z
processedImage5054.png,z
processedImage5055.png,z
processedImage5056.png,z
processedImage5057.png,z
processedImage5058.png,z
processedImage5059.png,z
processedImage5060.png,z
processedImage5061.png,z
processedImage5062.png,z
processedImage5063.png,z
processedImage5064.png,z
processedImage5065.png,z
processedImage5066.png,z
processedImage5067.png,z
processedImage5068.png,z
processedImage5069.png,z
processedImage5070.png,z
processedImage5071.png,z
processedImage5072.png,z
processedImage5073.png,z
processedImage5074.png,z
processedImage5075.png,z
processedImage5076.png,z
processedImage5077.png,z
processedImage5078.png,z
processedImage5079.png,z
processedImage5080.png,z
processedImage5081.png,z
processedImage5082.png,z
processedImage5083.png,z
processedImage5084.png,z
processedImage5085.png,z
processedImage5086.png,z
processedImage5087.png,z
processedImage5088.png,z
processedImage5089.png,z
processedImage5090.png,z
processedImage5091.png,z
processedImage5092.png,z
processedImage5093.png,z
processedImage5094.png,z
processedImage5095.png,z
processedImage5096.png,z
processedImage5097.png,z
processedImage5098.png,z
processedImage5099.png,z
processedImage5100.png,z
processedImage5101.png,z
processedImage5102.png,z
processedImage5103.png,z
processedImage5104.png,z
processedImage5105.png,z
processedImage5106.png,z
processedImage5107.png,z
processedImage5108.png,z
processedImage5109.png,z
processedImage5110.png,z
processedImage5111.png,z
processedImage5112.png,z
processedImage5113.png,z
processedImage5114.png,z
processedImage5115.png,z
processedImage5116.png,z
processedImage5117.png,z
processedImage5118.png,z
processedImage5119.png,z
processedImage5120.png,z
processedImage5121.png,z
processedImage5122.png,z
processedImage5123.png,z
processedImage5124.png,z
processedImage5125.png,z
processedImage5126.png,z
processedImage5127.png,z
processedImage5128.png,z
processedImage5129.png,z
processedImage5130.png,z
processedImage5131.png,z
processedImage5132.png,z
processedImage5133.png,z
processedImage5134.png,z
processedImage5135.png,z
processedImage5136.png,z
processedImage5137.png,z
processedImage5138.png,z
processedImage5139.png,z
processedImage5140.png,z
processedImage5141.png,z
processedImage5142.png,z
processedImage5143.png,z
processedImage5144.png,z
processedImage5145.png,z
processedImage5146.png,z
processedImage5147.png,z
processedImage5148.png,z
processedImage5149.png,z
processedImage5150.png,z
processedImage5151.png,z
processedImage5152.png,z
processedImage5153.png,z
processedImage5154.png,z
processedImage5155.png,z
processedImage5156.png,z
processedImage5157.png,z
processedImage5158.png,z
processedImage5159.png,z
processedImage5160.png,z
processedImage5161.png,z
processedImage5162.png,z
processedImage5163.png,z
processedImage5164.png,z
processedImage5165.png,z
processedImage5166.png,z
processedImage5167.png,z
processedImage5168.png,z
processedImage5169.png,z
processedImage5170.png,z
processedImage5171.png,z
processedImage5172.png,z
processedImage5173.png,z
processedImage5174.png,z
processedImage5175.png,z
processedImage5176.png,z
processedImage5177.png,z
processedImage5178.png,z
processedImage5179.png,z
processedImage5180.png,z
processedImage5181.png,z
processedImage5182.png,z
processedImage5183.png,z
processedImage5184.png,z
processedImage5185.png,z
processedImage5186.png,z
processedImage5187.png,z
processedImage5188.png,z
processedImage5189.png,z
processedImage5190.png,z
processedImage5191.png,z
processedImage5192.png,z
processedImage5193.png,z
processedImage5194.png,z
processedImage5195.png,z
processedImage5196.png,z
processedImage5197.png,z
processedImage5198.png,z
processedImage5199.png,z
processedImage5200.png,z