﻿file_name,label
processedImage601.png,d
processedImage602.png,d
processedImage603.png,d
processedImage604.png,d
processedImage605.png,d
processedImage606.png,d
processedImage607.png,d
processedImage608.png,d
processedImage609.png,d
processedImage610.png,d
processedImage611.png,d
processedImage612.png,d
processedImage613.png,d
processedImage614.png,d
processedImage615.png,d
processedImage616.png,d
processedImage617.png,d
processedImage618.png,d
processedImage619.png,d
processedImage620.png,d
processedImage621.png,d
processedImage622.png,d
processedImage623.png,d
processedImage624.png,d
processedImage625.png,d
processedImage626.png,d
processedImage627.png,d
processedImage628.png,d
processedImage629.png,d
processedImage630.png,d
processedImage631.png,d
processedImage632.png,d
processedImage633.png,d
processedImage634.png,d
processedImage635.png,d
processedImage636.png,d
processedImage637.png,d
processedImage638.png,d
processedImage639.png,d
processedImage640.png,d
processedImage641.png,d
processedImage642.png,d
processedImage643.png,d
processedImage644.png,d
processedImage645.png,d
processedImage646.png,d
processedImage647.png,d
processedImage648.png,d
processedImage649.png,d
processedImage650.png,d
processedImage651.png,d
processedImage652.png,d
processedImage653.png,d
processedImage654.png,d
processedImage655.png,d
processedImage656.png,d
processedImage657.png,d
processedImage658.png,d
processedImage659.png,d
processedImage660.png,d
processedImage661.png,d
processedImage662.png,d
processedImage663.png,d
processedImage664.png,d
processedImage665.png,d
processedImage666.png,d
processedImage667.png,d
processedImage668.png,d
processedImage669.png,d
processedImage670.png,d
processedImage671.png,d
processedImage672.png,d
processedImage673.png,d
processedImage674.png,d
processedImage675.png,d
processedImage676.png,d
processedImage677.png,d
processedImage678.png,d
processedImage679.png,d
processedImage680.png,d
processedImage681.png,d
processedImage682.png,d
processedImage683.png,d
processedImage684.png,d
processedImage685.png,d
processedImage686.png,d
processedImage687.png,d
processedImage688.png,d
processedImage689.png,d
processedImage690.png,d
processedImage691.png,d
processedImage692.png,d
processedImage693.png,d
processedImage694.png,d
processedImage695.png,d
processedImage696.png,d
processedImage697.png,d
processedImage698.png,d
processedImage699.png,d
processedImage700.png,d
processedImage701.png,d
processedImage702.png,d
processedImage703.png,d
processedImage704.png,d
processedImage705.png,d
processedImage706.png,d
processedImage707.png,d
processedImage708.png,d
processedImage709.png,d
processedImage710.png,d
processedImage711.png,d
processedImage712.png,d
processedImage713.png,d
processedImage714.png,d
processedImage715.png,d
processedImage716.png,d
processedImage717.png,d
processedImage718.png,d
processedImage719.png,d
processedImage720.png,d
processedImage721.png,d
processedImage722.png,d
processedImage723.png,d
processedImage724.png,d
processedImage725.png,d
processedImage726.png,d
processedImage727.png,d
processedImage728.png,d
processedImage729.png,d
processedImage730.png,d
processedImage731.png,d
processedImage732.png,d
processedImage733.png,d
processedImage734.png,d
processedImage735.png,d
processedImage736.png,d
processedImage737.png,d
processedImage738.png,d
processedImage739.png,d
processedImage740.png,d
processedImage741.png,d
processedImage742.png,d
processedImage743.png,d
processedImage744.png,d
processedImage745.png,d
processedImage746.png,d
processedImage747.png,d
processedImage748.png,d
processedImage749.png,d
processedImage750.png,d
processedImage751.png,d
processedImage752.png,d
processedImage753.png,d
processedImage754.png,d
processedImage755.png,d
processedImage756.png,d
processedImage757.png,d
processedImage758.png,d
processedImage759.png,d
processedImage760.png,d
processedImage761.png,d
processedImage762.png,d
processedImage763.png,d
processedImage764.png,d
processedImage765.png,d
processedImage766.png,d
processedImage767.png,d
processedImage768.png,d
processedImage769.png,d
processedImage770.png,d
processedImage771.png,d
processedImage772.png,d
processedImage773.png,d
processedImage774.png,d
processedImage775.png,d
processedImage776.png,d
processedImage777.png,d
processedImage778.png,d
processedImage779.png,d
processedImage780.png,d
processedImage781.png,d
processedImage782.png,d
processedImage783.png,d
processedImage784.png,d
processedImage785.png,d
processedImage786.png,d
processedImage787.png,d
processedImage788.png,d
processedImage789.png,d
processedImage790.png,d
processedImage791.png,d
processedImage792.png,d
processedImage793.png,d
processedImage794.png,d
processedImage795.png,d
processedImage796.png,d
processedImage797.png,d
processedImage798.png,d
processedImage799.png,d
processedImage800.png,d