﻿file_name,label
processedImage2601.png,n
processedImage2602.png,n
processedImage2603.png,n
processedImage2604.png,n
processedImage2605.png,n
processedImage2606.png,n
processedImage2607.png,n
processedImage2608.png,n
processedImage2609.png,n
processedImage2610.png,n
processedImage2611.png,n
processedImage2612.png,n
processedImage2613.png,n
processedImage2614.png,n
processedImage2615.png,n
processedImage2616.png,n
processedImage2617.png,n
processedImage2618.png,n
processedImage2619.png,n
processedImage2620.png,n
processedImage2621.png,n
processedImage2622.png,n
processedImage2623.png,n
processedImage2624.png,n
processedImage2625.png,n
processedImage2626.png,n
processedImage2627.png,n
processedImage2628.png,n
processedImage2629.png,n
processedImage2630.png,n
processedImage2631.png,n
processedImage2632.png,n
processedImage2633.png,n
processedImage2634.png,n
processedImage2635.png,n
processedImage2636.png,n
processedImage2637.png,n
processedImage2638.png,n
processedImage2639.png,n
processedImage2640.png,n
processedImage2641.png,n
processedImage2642.png,n
processedImage2643.png,n
processedImage2644.png,n
processedImage2645.png,n
processedImage2646.png,n
processedImage2647.png,n
processedImage2648.png,n
processedImage2649.png,n
processedImage2650.png,n
processedImage2651.png,n
processedImage2652.png,n
processedImage2653.png,n
processedImage2654.png,n
processedImage2655.png,n
processedImage2656.png,n
processedImage2657.png,n
processedImage2658.png,n
processedImage2659.png,n
processedImage2660.png,n
processedImage2661.png,n
processedImage2662.png,n
processedImage2663.png,n
processedImage2664.png,n
processedImage2665.png,n
processedImage2666.png,n
processedImage2667.png,n
processedImage2668.png,n
processedImage2669.png,n
processedImage2670.png,n
processedImage2671.png,n
processedImage2672.png,n
processedImage2673.png,n
processedImage2674.png,n
processedImage2675.png,n
processedImage2676.png,n
processedImage2677.png,n
processedImage2678.png,n
processedImage2679.png,n
processedImage2680.png,n
processedImage2681.png,n
processedImage2682.png,n
processedImage2683.png,n
processedImage2684.png,n
processedImage2685.png,n
processedImage2686.png,n
processedImage2687.png,n
processedImage2688.png,n
processedImage2689.png,n
processedImage2690.png,n
processedImage2691.png,n
processedImage2692.png,n
processedImage2693.png,n
processedImage2694.png,n
processedImage2695.png,n
processedImage2696.png,n
processedImage2697.png,n
processedImage2698.png,n
processedImage2699.png,n
processedImage2700.png,n
processedImage2701.png,n
processedImage2702.png,n
processedImage2703.png,n
processedImage2704.png,n
processedImage2705.png,n
processedImage2706.png,n
processedImage2707.png,n
processedImage2708.png,n
processedImage2709.png,n
processedImage2710.png,n
processedImage2711.png,n
processedImage2712.png,n
processedImage2713.png,n
processedImage2714.png,n
processedImage2715.png,n
processedImage2716.png,n
processedImage2717.png,n
processedImage2718.png,n
processedImage2719.png,n
processedImage2720.png,n
processedImage2721.png,n
processedImage2722.png,n
processedImage2723.png,n
processedImage2724.png,n
processedImage2725.png,n
processedImage2726.png,n
processedImage2727.png,n
processedImage2728.png,n
processedImage2729.png,n
processedImage2730.png,n
processedImage2731.png,n
processedImage2732.png,n
processedImage2733.png,n
processedImage2734.png,n
processedImage2735.png,n
processedImage2736.png,n
processedImage2737.png,n
processedImage2738.png,n
processedImage2739.png,n
processedImage2740.png,n
processedImage2741.png,n
processedImage2742.png,n
processedImage2743.png,n
processedImage2744.png,n
processedImage2745.png,n
processedImage2746.png,n
processedImage2747.png,n
processedImage2748.png,n
processedImage2749.png,n
processedImage2750.png,n
processedImage2751.png,n
processedImage2752.png,n
processedImage2753.png,n
processedImage2754.png,n
processedImage2755.png,n
processedImage2756.png,n
processedImage2757.png,n
processedImage2758.png,n
processedImage2759.png,n
processedImage2760.png,n
processedImage2761.png,n
processedImage2762.png,n
processedImage2763.png,n
processedImage2764.png,n
processedImage2765.png,n
processedImage2766.png,n
processedImage2767.png,n
processedImage2768.png,n
processedImage2769.png,n
processedImage2770.png,n
processedImage2771.png,n
processedImage2772.png,n
processedImage2773.png,n
processedImage2774.png,n
processedImage2775.png,n
processedImage2776.png,n
processedImage2777.png,n
processedImage2778.png,n
processedImage2779.png,n
processedImage2780.png,n
processedImage2781.png,n
processedImage2782.png,n
processedImage2783.png,n
processedImage2784.png,n
processedImage2785.png,n
processedImage2786.png,n
processedImage2787.png,n
processedImage2788.png,n
processedImage2789.png,n
processedImage2790.png,n
processedImage2791.png,n
processedImage2792.png,n
processedImage2793.png,n
processedImage2794.png,n
processedImage2795.png,n
processedImage2796.png,n
processedImage2797.png,n
processedImage2798.png,n
processedImage2799.png,n
processedImage2800.png,n