﻿file_name,label
processedImage3001.png,p
processedImage3002.png,p
processedImage3003.png,p
processedImage3004.png,p
processedImage3005.png,p
processedImage3006.png,p
processedImage3007.png,p
processedImage3008.png,p
processedImage3009.png,p
processedImage3010.png,p
processedImage3011.png,p
processedImage3012.png,p
processedImage3013.png,p
processedImage3014.png,p
processedImage3015.png,p
processedImage3016.png,p
processedImage3017.png,p
processedImage3018.png,p
processedImage3019.png,p
processedImage3020.png,p
processedImage3021.png,p
processedImage3022.png,p
processedImage3023.png,p
processedImage3024.png,p
processedImage3025.png,p
processedImage3026.png,p
processedImage3027.png,p
processedImage3028.png,p
processedImage3029.png,p
processedImage3030.png,p
processedImage3031.png,p
processedImage3032.png,p
processedImage3033.png,p
processedImage3034.png,p
processedImage3035.png,p
processedImage3036.png,p
processedImage3037.png,p
processedImage3038.png,p
processedImage3039.png,p
processedImage3040.png,p
processedImage3041.png,p
processedImage3042.png,p
processedImage3043.png,p
processedImage3044.png,p
processedImage3045.png,p
processedImage3046.png,p
processedImage3047.png,p
processedImage3048.png,p
processedImage3049.png,p
processedImage3050.png,p
processedImage3051.png,p
processedImage3052.png,p
processedImage3053.png,p
processedImage3054.png,p
processedImage3055.png,p
processedImage3056.png,p
processedImage3057.png,p
processedImage3058.png,p
processedImage3059.png,p
processedImage3060.png,p
processedImage3061.png,p
processedImage3062.png,p
processedImage3063.png,p
processedImage3064.png,p
processedImage3065.png,p
processedImage3066.png,p
processedImage3067.png,p
processedImage3068.png,p
processedImage3069.png,p
processedImage3070.png,p
processedImage3071.png,p
processedImage3072.png,p
processedImage3073.png,p
processedImage3074.png,p
processedImage3075.png,p
processedImage3076.png,p
processedImage3077.png,p
processedImage3078.png,p
processedImage3079.png,p
processedImage3080.png,p
processedImage3081.png,p
processedImage3082.png,p
processedImage3083.png,p
processedImage3084.png,p
processedImage3085.png,p
processedImage3086.png,p
processedImage3087.png,p
processedImage3088.png,p
processedImage3089.png,p
processedImage3090.png,p
processedImage3091.png,p
processedImage3092.png,p
processedImage3093.png,p
processedImage3094.png,p
processedImage3095.png,p
processedImage3096.png,p
processedImage3097.png,p
processedImage3098.png,p
processedImage3099.png,p
processedImage3100.png,p
processedImage3101.png,p
processedImage3102.png,p
processedImage3103.png,p
processedImage3104.png,p
processedImage3105.png,p
processedImage3106.png,p
processedImage3107.png,p
processedImage3108.png,p
processedImage3109.png,p
processedImage3110.png,p
processedImage3111.png,p
processedImage3112.png,p
processedImage3113.png,p
processedImage3114.png,p
processedImage3115.png,p
processedImage3116.png,p
processedImage3117.png,p
processedImage3118.png,p
processedImage3119.png,p
processedImage3120.png,p
processedImage3121.png,p
processedImage3122.png,p
processedImage3123.png,p
processedImage3124.png,p
processedImage3125.png,p
processedImage3126.png,p
processedImage3127.png,p
processedImage3128.png,p
processedImage3129.png,p
processedImage3130.png,p
processedImage3131.png,p
processedImage3132.png,p
processedImage3133.png,p
processedImage3134.png,p
processedImage3135.png,p
processedImage3136.png,p
processedImage3137.png,p
processedImage3138.png,p
processedImage3139.png,p
processedImage3140.png,p
processedImage3141.png,p
processedImage3142.png,p
processedImage3143.png,p
processedImage3144.png,p
processedImage3145.png,p
processedImage3146.png,p
processedImage3147.png,p
processedImage3148.png,p
processedImage3149.png,p
processedImage3150.png,p
processedImage3151.png,p
processedImage3152.png,p
processedImage3153.png,p
processedImage3154.png,p
processedImage3155.png,p
processedImage3156.png,p
processedImage3157.png,p
processedImage3158.png,p
processedImage3159.png,p
processedImage3160.png,p
processedImage3161.png,p
processedImage3162.png,p
processedImage3163.png,p
processedImage3164.png,p
processedImage3165.png,p
processedImage3166.png,p
processedImage3167.png,p
processedImage3168.png,p
processedImage3169.png,p
processedImage3170.png,p
processedImage3171.png,p
processedImage3172.png,p
processedImage3173.png,p
processedImage3174.png,p
processedImage3175.png,p
processedImage3176.png,p
processedImage3177.png,p
processedImage3178.png,p
processedImage3179.png,p
processedImage3180.png,p
processedImage3181.png,p
processedImage3182.png,p
processedImage3183.png,p
processedImage3184.png,p
processedImage3185.png,p
processedImage3186.png,p
processedImage3187.png,p
processedImage3188.png,p
processedImage3189.png,p
processedImage3190.png,p
processedImage3191.png,p
processedImage3192.png,p
processedImage3193.png,p
processedImage3194.png,p
processedImage3195.png,p
processedImage3196.png,p
processedImage3197.png,p
processedImage3198.png,p
processedImage3199.png,p
processedImage3200.png,p