﻿file_name,label
processedImage3801.png,t
processedImage3802.png,t
processedImage3803.png,t
processedImage3804.png,t
processedImage3805.png,t
processedImage3806.png,t
processedImage3807.png,t
processedImage3808.png,t
processedImage3809.png,t
processedImage3810.png,t
processedImage3811.png,t
processedImage3812.png,t
processedImage3813.png,t
processedImage3814.png,t
processedImage3815.png,t
processedImage3816.png,t
processedImage3817.png,t
processedImage3818.png,t
processedImage3819.png,t
processedImage3820.png,t
processedImage3821.png,t
processedImage3822.png,t
processedImage3823.png,t
processedImage3824.png,t
processedImage3825.png,t
processedImage3826.png,t
processedImage3827.png,t
processedImage3828.png,t
processedImage3829.png,t
processedImage3830.png,t
processedImage3831.png,t
processedImage3832.png,t
processedImage3833.png,t
processedImage3834.png,t
processedImage3835.png,t
processedImage3836.png,t
processedImage3837.png,t
processedImage3838.png,t
processedImage3839.png,t
processedImage3840.png,t
processedImage3841.png,t
processedImage3842.png,t
processedImage3843.png,t
processedImage3844.png,t
processedImage3845.png,t
processedImage3846.png,t
processedImage3847.png,t
processedImage3848.png,t
processedImage3849.png,t
processedImage3850.png,t
processedImage3851.png,t
processedImage3852.png,t
processedImage3853.png,t
processedImage3854.png,t
processedImage3855.png,t
processedImage3856.png,t
processedImage3857.png,t
processedImage3858.png,t
processedImage3859.png,t
processedImage3860.png,t
processedImage3861.png,t
processedImage3862.png,t
processedImage3863.png,t
processedImage3864.png,t
processedImage3865.png,t
processedImage3866.png,t
processedImage3867.png,t
processedImage3868.png,t
processedImage3869.png,t
processedImage3870.png,t
processedImage3871.png,t
processedImage3872.png,t
processedImage3873.png,t
processedImage3874.png,t
processedImage3875.png,t
processedImage3876.png,t
processedImage3877.png,t
processedImage3878.png,t
processedImage3879.png,t
processedImage3880.png,t
processedImage3881.png,t
processedImage3882.png,t
processedImage3883.png,t
processedImage3884.png,t
processedImage3885.png,t
processedImage3886.png,t
processedImage3887.png,t
processedImage3888.png,t
processedImage3889.png,t
processedImage3890.png,t
processedImage3891.png,t
processedImage3892.png,t
processedImage3893.png,t
processedImage3894.png,t
processedImage3895.png,t
processedImage3896.png,t
processedImage3897.png,t
processedImage3898.png,t
processedImage3899.png,t
processedImage3900.png,t
processedImage3901.png,t
processedImage3902.png,t
processedImage3903.png,t
processedImage3904.png,t
processedImage3905.png,t
processedImage3906.png,t
processedImage3907.png,t
processedImage3908.png,t
processedImage3909.png,t
processedImage3910.png,t
processedImage3911.png,t
processedImage3912.png,t
processedImage3913.png,t
processedImage3914.png,t
processedImage3915.png,t
processedImage3916.png,t
processedImage3917.png,t
processedImage3918.png,t
processedImage3919.png,t
processedImage3920.png,t
processedImage3921.png,t
processedImage3922.png,t
processedImage3923.png,t
processedImage3924.png,t
processedImage3925.png,t
processedImage3926.png,t
processedImage3927.png,t
processedImage3928.png,t
processedImage3929.png,t
processedImage3930.png,t
processedImage3931.png,t
processedImage3932.png,t
processedImage3933.png,t
processedImage3934.png,t
processedImage3935.png,t
processedImage3936.png,t
processedImage3937.png,t
processedImage3938.png,t
processedImage3939.png,t
processedImage3940.png,t
processedImage3941.png,t
processedImage3942.png,t
processedImage3943.png,t
processedImage3944.png,t
processedImage3945.png,t
processedImage3946.png,t
processedImage3947.png,t
processedImage3948.png,t
processedImage3949.png,t
processedImage3950.png,t
processedImage3951.png,t
processedImage3952.png,t
processedImage3953.png,t
processedImage3954.png,t
processedImage3955.png,t
processedImage3956.png,t
processedImage3957.png,t
processedImage3958.png,t
processedImage3959.png,t
processedImage3960.png,t
processedImage3961.png,t
processedImage3962.png,t
processedImage3963.png,t
processedImage3964.png,t
processedImage3965.png,t
processedImage3966.png,t
processedImage3967.png,t
processedImage3968.png,t
processedImage3969.png,t
processedImage3970.png,t
processedImage3971.png,t
processedImage3972.png,t
processedImage3973.png,t
processedImage3974.png,t
processedImage3975.png,t
processedImage3976.png,t
processedImage3977.png,t
processedImage3978.png,t
processedImage3979.png,t
processedImage3980.png,t
processedImage3981.png,t
processedImage3982.png,t
processedImage3983.png,t
processedImage3984.png,t
processedImage3985.png,t
processedImage3986.png,t
processedImage3987.png,t
processedImage3988.png,t
processedImage3989.png,t
processedImage3990.png,t
processedImage3991.png,t
processedImage3992.png,t
processedImage3993.png,t
processedImage3994.png,t
processedImage3995.png,t
processedImage3996.png,t
processedImage3997.png,t
processedImage3998.png,t
processedImage3999.png,t
processedImage4000.png,t