﻿file_name,label
processedImage2201.png,l
processedImage2202.png,l
processedImage2203.png,l
processedImage2204.png,l
processedImage2205.png,l
processedImage2206.png,l
processedImage2207.png,l
processedImage2208.png,l
processedImage2209.png,l
processedImage2210.png,l
processedImage2211.png,l
processedImage2212.png,l
processedImage2213.png,l
processedImage2214.png,l
processedImage2215.png,l
processedImage2216.png,l
processedImage2217.png,l
processedImage2218.png,l
processedImage2219.png,l
processedImage2220.png,l
processedImage2221.png,l
processedImage2222.png,l
processedImage2223.png,l
processedImage2224.png,l
processedImage2225.png,l
processedImage2226.png,l
processedImage2227.png,l
processedImage2228.png,l
processedImage2229.png,l
processedImage2230.png,l
processedImage2231.png,l
processedImage2232.png,l
processedImage2233.png,l
processedImage2234.png,l
processedImage2235.png,l
processedImage2236.png,l
processedImage2237.png,l
processedImage2238.png,l
processedImage2239.png,l
processedImage2240.png,l
processedImage2241.png,l
processedImage2242.png,l
processedImage2243.png,l
processedImage2244.png,l
processedImage2245.png,l
processedImage2246.png,l
processedImage2247.png,l
processedImage2248.png,l
processedImage2249.png,l
processedImage2250.png,l
processedImage2251.png,l
processedImage2252.png,l
processedImage2253.png,l
processedImage2254.png,l
processedImage2255.png,l
processedImage2256.png,l
processedImage2257.png,l
processedImage2258.png,l
processedImage2259.png,l
processedImage2260.png,l
processedImage2261.png,l
processedImage2262.png,l
processedImage2263.png,l
processedImage2264.png,l
processedImage2265.png,l
processedImage2266.png,l
processedImage2267.png,l
processedImage2268.png,l
processedImage2269.png,l
processedImage2270.png,l
processedImage2271.png,l
processedImage2272.png,l
processedImage2273.png,l
processedImage2274.png,l
processedImage2275.png,l
processedImage2276.png,l
processedImage2277.png,l
processedImage2278.png,l
processedImage2279.png,l
processedImage2280.png,l
processedImage2281.png,l
processedImage2282.png,l
processedImage2283.png,l
processedImage2284.png,l
processedImage2285.png,l
processedImage2286.png,l
processedImage2287.png,l
processedImage2288.png,l
processedImage2289.png,l
processedImage2290.png,l
processedImage2291.png,l
processedImage2292.png,l
processedImage2293.png,l
processedImage2294.png,l
processedImage2295.png,l
processedImage2296.png,l
processedImage2297.png,l
processedImage2298.png,l
processedImage2299.png,l
processedImage2300.png,l
processedImage2301.png,l
processedImage2302.png,l
processedImage2303.png,l
processedImage2304.png,l
processedImage2305.png,l
processedImage2306.png,l
processedImage2307.png,l
processedImage2308.png,l
processedImage2309.png,l
processedImage2310.png,l
processedImage2311.png,l
processedImage2312.png,l
processedImage2313.png,l
processedImage2314.png,l
processedImage2315.png,l
processedImage2316.png,l
processedImage2317.png,l
processedImage2318.png,l
processedImage2319.png,l
processedImage2320.png,l
processedImage2321.png,l
processedImage2322.png,l
processedImage2323.png,l
processedImage2324.png,l
processedImage2325.png,l
processedImage2326.png,l
processedImage2327.png,l
processedImage2328.png,l
processedImage2329.png,l
processedImage2330.png,l
processedImage2331.png,l
processedImage2332.png,l
processedImage2333.png,l
processedImage2334.png,l
processedImage2335.png,l
processedImage2336.png,l
processedImage2337.png,l
processedImage2338.png,l
processedImage2339.png,l
processedImage2340.png,l
processedImage2341.png,l
processedImage2342.png,l
processedImage2343.png,l
processedImage2344.png,l
processedImage2345.png,l
processedImage2346.png,l
processedImage2347.png,l
processedImage2348.png,l
processedImage2349.png,l
processedImage2350.png,l
processedImage2351.png,l
processedImage2352.png,l
processedImage2353.png,l
processedImage2354.png,l
processedImage2355.png,l
processedImage2356.png,l
processedImage2357.png,l
processedImage2358.png,l
processedImage2359.png,l
processedImage2360.png,l
processedImage2361.png,l
processedImage2362.png,l
processedImage2363.png,l
processedImage2364.png,l
processedImage2365.png,l
processedImage2366.png,l
processedImage2367.png,l
processedImage2368.png,l
processedImage2369.png,l
processedImage2370.png,l
processedImage2371.png,l
processedImage2372.png,l
processedImage2373.png,l
processedImage2374.png,l
processedImage2375.png,l
processedImage2376.png,l
processedImage2377.png,l
processedImage2378.png,l
processedImage2379.png,l
processedImage2380.png,l
processedImage2381.png,l
processedImage2382.png,l
processedImage2383.png,l
processedImage2384.png,l
processedImage2385.png,l
processedImage2386.png,l
processedImage2387.png,l
processedImage2388.png,l
processedImage2389.png,l
processedImage2390.png,l
processedImage2391.png,l
processedImage2392.png,l
processedImage2393.png,l
processedImage2394.png,l
processedImage2395.png,l
processedImage2396.png,l
processedImage2397.png,l
processedImage2398.png,l
processedImage2399.png,l
processedImage2400.png,l