﻿file_name,label
processedImage1401.png,h
processedImage1402.png,h
processedImage1403.png,h
processedImage1404.png,h
processedImage1405.png,h
processedImage1406.png,h
processedImage1407.png,h
processedImage1408.png,h
processedImage1409.png,h
processedImage1410.png,h
processedImage1411.png,h
processedImage1412.png,h
processedImage1413.png,h
processedImage1414.png,h
processedImage1415.png,h
processedImage1416.png,h
processedImage1417.png,h
processedImage1418.png,h
processedImage1419.png,h
processedImage1420.png,h
processedImage1421.png,h
processedImage1422.png,h
processedImage1423.png,h
processedImage1424.png,h
processedImage1425.png,h
processedImage1426.png,h
processedImage1427.png,h
processedImage1428.png,h
processedImage1429.png,h
processedImage1430.png,h
processedImage1431.png,h
processedImage1432.png,h
processedImage1433.png,h
processedImage1434.png,h
processedImage1435.png,h
processedImage1436.png,h
processedImage1437.png,h
processedImage1438.png,h
processedImage1439.png,h
processedImage1440.png,h
processedImage1441.png,h
processedImage1442.png,h
processedImage1443.png,h
processedImage1444.png,h
processedImage1445.png,h
processedImage1446.png,h
processedImage1447.png,h
processedImage1448.png,h
processedImage1449.png,h
processedImage1450.png,h
processedImage1451.png,h
processedImage1452.png,h
processedImage1453.png,h
processedImage1454.png,h
processedImage1455.png,h
processedImage1456.png,h
processedImage1457.png,h
processedImage1458.png,h
processedImage1459.png,h
processedImage1460.png,h
processedImage1461.png,h
processedImage1462.png,h
processedImage1463.png,h
processedImage1464.png,h
processedImage1465.png,h
processedImage1466.png,h
processedImage1467.png,h
processedImage1468.png,h
processedImage1469.png,h
processedImage1470.png,h
processedImage1471.png,h
processedImage1472.png,h
processedImage1473.png,h
processedImage1474.png,h
processedImage1475.png,h
processedImage1476.png,h
processedImage1477.png,h
processedImage1478.png,h
processedImage1479.png,h
processedImage1480.png,h
processedImage1481.png,h
processedImage1482.png,h
processedImage1483.png,h
processedImage1484.png,h
processedImage1485.png,h
processedImage1486.png,h
processedImage1487.png,h
processedImage1488.png,h
processedImage1489.png,h
processedImage1490.png,h
processedImage1491.png,h
processedImage1492.png,h
processedImage1493.png,h
processedImage1494.png,h
processedImage1495.png,h
processedImage1496.png,h
processedImage1497.png,h
processedImage1498.png,h
processedImage1499.png,h
processedImage1500.png,h
processedImage1501.png,h
processedImage1502.png,h
processedImage1503.png,h
processedImage1504.png,h
processedImage1505.png,h
processedImage1506.png,h
processedImage1507.png,h
processedImage1508.png,h
processedImage1509.png,h
processedImage1510.png,h
processedImage1511.png,h
processedImage1512.png,h
processedImage1513.png,h
processedImage1514.png,h
processedImage1515.png,h
processedImage1516.png,h
processedImage1517.png,h
processedImage1518.png,h
processedImage1519.png,h
processedImage1520.png,h
processedImage1521.png,h
processedImage1522.png,h
processedImage1523.png,h
processedImage1524.png,h
processedImage1525.png,h
processedImage1526.png,h
processedImage1527.png,h
processedImage1528.png,h
processedImage1529.png,h
processedImage1530.png,h
processedImage1531.png,h
processedImage1532.png,h
processedImage1533.png,h
processedImage1534.png,h
processedImage1535.png,h
processedImage1536.png,h
processedImage1537.png,h
processedImage1538.png,h
processedImage1539.png,h
processedImage1540.png,h
processedImage1541.png,h
processedImage1542.png,h
processedImage1543.png,h
processedImage1544.png,h
processedImage1545.png,h
processedImage1546.png,h
processedImage1547.png,h
processedImage1548.png,h
processedImage1549.png,h
processedImage1550.png,h
processedImage1551.png,h
processedImage1552.png,h
processedImage1553.png,h
processedImage1554.png,h
processedImage1555.png,h
processedImage1556.png,h
processedImage1557.png,h
processedImage1558.png,h
processedImage1559.png,h
processedImage1560.png,h
processedImage1561.png,h
processedImage1562.png,h
processedImage1563.png,h
processedImage1564.png,h
processedImage1565.png,h
processedImage1566.png,h
processedImage1567.png,h
processedImage1568.png,h
processedImage1569.png,h
processedImage1570.png,h
processedImage1571.png,h
processedImage1572.png,h
processedImage1573.png,h
processedImage1574.png,h
processedImage1575.png,h
processedImage1576.png,h
processedImage1577.png,h
processedImage1578.png,h
processedImage1579.png,h
processedImage1580.png,h
processedImage1581.png,h
processedImage1582.png,h
processedImage1583.png,h
processedImage1584.png,h
processedImage1585.png,h
processedImage1586.png,h
processedImage1587.png,h
processedImage1588.png,h
processedImage1589.png,h
processedImage1590.png,h
processedImage1591.png,h
processedImage1592.png,h
processedImage1593.png,h
processedImage1594.png,h
processedImage1595.png,h
processedImage1596.png,h
processedImage1597.png,h
processedImage1598.png,h
processedImage1599.png,h
processedImage1600.png,h