﻿file_name,label
processedImage3601.png,s
processedImage3602.png,s
processedImage3603.png,s
processedImage3604.png,s
processedImage3605.png,s
processedImage3606.png,s
processedImage3607.png,s
processedImage3608.png,s
processedImage3609.png,s
processedImage3610.png,s
processedImage3611.png,s
processedImage3612.png,s
processedImage3613.png,s
processedImage3614.png,s
processedImage3615.png,s
processedImage3616.png,s
processedImage3617.png,s
processedImage3618.png,s
processedImage3619.png,s
processedImage3620.png,s
processedImage3621.png,s
processedImage3622.png,s
processedImage3623.png,s
processedImage3624.png,s
processedImage3625.png,s
processedImage3626.png,s
processedImage3627.png,s
processedImage3628.png,s
processedImage3629.png,s
processedImage3630.png,s
processedImage3631.png,s
processedImage3632.png,s
processedImage3633.png,s
processedImage3634.png,s
processedImage3635.png,s
processedImage3636.png,s
processedImage3637.png,s
processedImage3638.png,s
processedImage3639.png,s
processedImage3640.png,s
processedImage3641.png,s
processedImage3642.png,s
processedImage3643.png,s
processedImage3644.png,s
processedImage3645.png,s
processedImage3646.png,s
processedImage3647.png,s
processedImage3648.png,s
processedImage3649.png,s
processedImage3650.png,s
processedImage3651.png,s
processedImage3652.png,s
processedImage3653.png,s
processedImage3654.png,s
processedImage3655.png,s
processedImage3656.png,s
processedImage3657.png,s
processedImage3658.png,s
processedImage3659.png,s
processedImage3660.png,s
processedImage3661.png,s
processedImage3662.png,s
processedImage3663.png,s
processedImage3664.png,s
processedImage3665.png,s
processedImage3666.png,s
processedImage3667.png,s
processedImage3668.png,s
processedImage3669.png,s
processedImage3670.png,s
processedImage3671.png,s
processedImage3672.png,s
processedImage3673.png,s
processedImage3674.png,s
processedImage3675.png,s
processedImage3676.png,s
processedImage3677.png,s
processedImage3678.png,s
processedImage3679.png,s
processedImage3680.png,s
processedImage3681.png,s
processedImage3682.png,s
processedImage3683.png,s
processedImage3684.png,s
processedImage3685.png,s
processedImage3686.png,s
processedImage3687.png,s
processedImage3688.png,s
processedImage3689.png,s
processedImage3690.png,s
processedImage3691.png,s
processedImage3692.png,s
processedImage3693.png,s
processedImage3694.png,s
processedImage3695.png,s
processedImage3696.png,s
processedImage3697.png,s
processedImage3698.png,s
processedImage3699.png,s
processedImage3700.png,s
processedImage3701.png,s
processedImage3702.png,s
processedImage3703.png,s
processedImage3704.png,s
processedImage3705.png,s
processedImage3706.png,s
processedImage3707.png,s
processedImage3708.png,s
processedImage3709.png,s
processedImage3710.png,s
processedImage3711.png,s
processedImage3712.png,s
processedImage3713.png,s
processedImage3714.png,s
processedImage3715.png,s
processedImage3716.png,s
processedImage3717.png,s
processedImage3718.png,s
processedImage3719.png,s
processedImage3720.png,s
processedImage3721.png,s
processedImage3722.png,s
processedImage3723.png,s
processedImage3724.png,s
processedImage3725.png,s
processedImage3726.png,s
processedImage3727.png,s
processedImage3728.png,s
processedImage3729.png,s
processedImage3730.png,s
processedImage3731.png,s
processedImage3732.png,s
processedImage3733.png,s
processedImage3734.png,s
processedImage3735.png,s
processedImage3736.png,s
processedImage3737.png,s
processedImage3738.png,s
processedImage3739.png,s
processedImage3740.png,s
processedImage3741.png,s
processedImage3742.png,s
processedImage3743.png,s
processedImage3744.png,s
processedImage3745.png,s
processedImage3746.png,s
processedImage3747.png,s
processedImage3748.png,s
processedImage3749.png,s
processedImage3750.png,s
processedImage3751.png,s
processedImage3752.png,s
processedImage3753.png,s
processedImage3754.png,s
processedImage3755.png,s
processedImage3756.png,s
processedImage3757.png,s
processedImage3758.png,s
processedImage3759.png,s
processedImage3760.png,s
processedImage3761.png,s
processedImage3762.png,s
processedImage3763.png,s
processedImage3764.png,s
processedImage3765.png,s
processedImage3766.png,s
processedImage3767.png,s
processedImage3768.png,s
processedImage3769.png,s
processedImage3770.png,s
processedImage3771.png,s
processedImage3772.png,s
processedImage3773.png,s
processedImage3774.png,s
processedImage3775.png,s
processedImage3776.png,s
processedImage3777.png,s
processedImage3778.png,s
processedImage3779.png,s
processedImage3780.png,s
processedImage3781.png,s
processedImage3782.png,s
processedImage3783.png,s
processedImage3784.png,s
processedImage3785.png,s
processedImage3786.png,s
processedImage3787.png,s
processedImage3788.png,s
processedImage3789.png,s
processedImage3790.png,s
processedImage3791.png,s
processedImage3792.png,s
processedImage3793.png,s
processedImage3794.png,s
processedImage3795.png,s
processedImage3796.png,s
processedImage3797.png,s
processedImage3798.png,s
processedImage3799.png,s
processedImage3800.png,s