﻿file_name,label
processedImage2401.png,m
processedImage2402.png,m
processedImage2403.png,m
processedImage2404.png,m
processedImage2405.png,m
processedImage2406.png,m
processedImage2407.png,m
processedImage2408.png,m
processedImage2409.png,m
processedImage2410.png,m
processedImage2411.png,m
processedImage2412.png,m
processedImage2413.png,m
processedImage2414.png,m
processedImage2415.png,m
processedImage2416.png,m
processedImage2417.png,m
processedImage2418.png,m
processedImage2419.png,m
processedImage2420.png,m
processedImage2421.png,m
processedImage2422.png,m
processedImage2423.png,m
processedImage2424.png,m
processedImage2425.png,m
processedImage2426.png,m
processedImage2427.png,m
processedImage2428.png,m
processedImage2429.png,m
processedImage2430.png,m
processedImage2431.png,m
processedImage2432.png,m
processedImage2433.png,m
processedImage2434.png,m
processedImage2435.png,m
processedImage2436.png,m
processedImage2437.png,m
processedImage2438.png,m
processedImage2439.png,m
processedImage2440.png,m
processedImage2441.png,m
processedImage2442.png,m
processedImage2443.png,m
processedImage2444.png,m
processedImage2445.png,m
processedImage2446.png,m
processedImage2447.png,m
processedImage2448.png,m
processedImage2449.png,m
processedImage2450.png,m
processedImage2451.png,m
processedImage2452.png,m
processedImage2453.png,m
processedImage2454.png,m
processedImage2455.png,m
processedImage2456.png,m
processedImage2457.png,m
processedImage2458.png,m
processedImage2459.png,m
processedImage2460.png,m
processedImage2461.png,m
processedImage2462.png,m
processedImage2463.png,m
processedImage2464.png,m
processedImage2465.png,m
processedImage2466.png,m
processedImage2467.png,m
processedImage2468.png,m
processedImage2469.png,m
processedImage2470.png,m
processedImage2471.png,m
processedImage2472.png,m
processedImage2473.png,m
processedImage2474.png,m
processedImage2475.png,m
processedImage2476.png,m
processedImage2477.png,m
processedImage2478.png,m
processedImage2479.png,m
processedImage2480.png,m
processedImage2481.png,m
processedImage2482.png,m
processedImage2483.png,m
processedImage2484.png,m
processedImage2485.png,m
processedImage2486.png,m
processedImage2487.png,m
processedImage2488.png,m
processedImage2489.png,m
processedImage2490.png,m
processedImage2491.png,m
processedImage2492.png,m
processedImage2493.png,m
processedImage2494.png,m
processedImage2495.png,m
processedImage2496.png,m
processedImage2497.png,m
processedImage2498.png,m
processedImage2499.png,m
processedImage2500.png,m
processedImage2501.png,m
processedImage2502.png,m
processedImage2503.png,m
processedImage2504.png,m
processedImage2505.png,m
processedImage2506.png,m
processedImage2507.png,m
processedImage2508.png,m
processedImage2509.png,m
processedImage2510.png,m
processedImage2511.png,m
processedImage2512.png,m
processedImage2513.png,m
processedImage2514.png,m
processedImage2515.png,m
processedImage2516.png,m
processedImage2517.png,m
processedImage2518.png,m
processedImage2519.png,m
processedImage2520.png,m
processedImage2521.png,m
processedImage2522.png,m
processedImage2523.png,m
processedImage2524.png,m
processedImage2525.png,m
processedImage2526.png,m
processedImage2527.png,m
processedImage2528.png,m
processedImage2529.png,m
processedImage2530.png,m
processedImage2531.png,m
processedImage2532.png,m
processedImage2533.png,m
processedImage2534.png,m
processedImage2535.png,m
processedImage2536.png,m
processedImage2537.png,m
processedImage2538.png,m
processedImage2539.png,m
processedImage2540.png,m
processedImage2541.png,m
processedImage2542.png,m
processedImage2543.png,m
processedImage2544.png,m
processedImage2545.png,m
processedImage2546.png,m
processedImage2547.png,m
processedImage2548.png,m
processedImage2549.png,m
processedImage2550.png,m
processedImage2551.png,m
processedImage2552.png,m
processedImage2553.png,m
processedImage2554.png,m
processedImage2555.png,m
processedImage2556.png,m
processedImage2557.png,m
processedImage2558.png,m
processedImage2559.png,m
processedImage2560.png,m
processedImage2561.png,m
processedImage2562.png,m
processedImage2563.png,m
processedImage2564.png,m
processedImage2565.png,m
processedImage2566.png,m
processedImage2567.png,m
processedImage2568.png,m
processedImage2569.png,m
processedImage2570.png,m
processedImage2571.png,m
processedImage2572.png,m
processedImage2573.png,m
processedImage2574.png,m
processedImage2575.png,m
processedImage2576.png,m
processedImage2577.png,m
processedImage2578.png,m
processedImage2579.png,m
processedImage2580.png,m
processedImage2581.png,m
processedImage2582.png,m
processedImage2583.png,m
processedImage2584.png,m
processedImage2585.png,m
processedImage2586.png,m
processedImage2587.png,m
processedImage2588.png,m
processedImage2589.png,m
processedImage2590.png,m
processedImage2591.png,m
processedImage2592.png,m
processedImage2593.png,m
processedImage2594.png,m
processedImage2595.png,m
processedImage2596.png,m
processedImage2597.png,m
processedImage2598.png,m
processedImage2599.png,m
processedImage2600.png,m