﻿file_name,label
processedImage4001.png,u
processedImage4002.png,u
processedImage4003.png,u
processedImage4004.png,u
processedImage4005.png,u
processedImage4006.png,u
processedImage4007.png,u
processedImage4008.png,u
processedImage4009.png,u
processedImage4010.png,u
processedImage4011.png,u
processedImage4012.png,u
processedImage4013.png,u
processedImage4014.png,u
processedImage4015.png,u
processedImage4016.png,u
processedImage4017.png,u
processedImage4018.png,u
processedImage4019.png,u
processedImage4020.png,u
processedImage4021.png,u
processedImage4022.png,u
processedImage4023.png,u
processedImage4024.png,u
processedImage4025.png,u
processedImage4026.png,u
processedImage4027.png,u
processedImage4028.png,u
processedImage4029.png,u
processedImage4030.png,u
processedImage4031.png,u
processedImage4032.png,u
processedImage4033.png,u
processedImage4034.png,u
processedImage4035.png,u
processedImage4036.png,u
processedImage4037.png,u
processedImage4038.png,u
processedImage4039.png,u
processedImage4040.png,u
processedImage4041.png,u
processedImage4042.png,u
processedImage4043.png,u
processedImage4044.png,u
processedImage4045.png,u
processedImage4046.png,u
processedImage4047.png,u
processedImage4048.png,u
processedImage4049.png,u
processedImage4050.png,u
processedImage4051.png,u
processedImage4052.png,u
processedImage4053.png,u
processedImage4054.png,u
processedImage4055.png,u
processedImage4056.png,u
processedImage4057.png,u
processedImage4058.png,u
processedImage4059.png,u
processedImage4060.png,u
processedImage4061.png,u
processedImage4062.png,u
processedImage4063.png,u
processedImage4064.png,u
processedImage4065.png,u
processedImage4066.png,u
processedImage4067.png,u
processedImage4068.png,u
processedImage4069.png,u
processedImage4070.png,u
processedImage4071.png,u
processedImage4072.png,u
processedImage4073.png,u
processedImage4074.png,u
processedImage4075.png,u
processedImage4076.png,u
processedImage4077.png,u
processedImage4078.png,u
processedImage4079.png,u
processedImage4080.png,u
processedImage4081.png,u
processedImage4082.png,u
processedImage4083.png,u
processedImage4084.png,u
processedImage4085.png,u
processedImage4086.png,u
processedImage4087.png,u
processedImage4088.png,u
processedImage4089.png,u
processedImage4090.png,u
processedImage4091.png,u
processedImage4092.png,u
processedImage4093.png,u
processedImage4094.png,u
processedImage4095.png,u
processedImage4096.png,u
processedImage4097.png,u
processedImage4098.png,u
processedImage4099.png,u
processedImage4100.png,u
processedImage4101.png,u
processedImage4102.png,u
processedImage4103.png,u
processedImage4104.png,u
processedImage4105.png,u
processedImage4106.png,u
processedImage4107.png,u
processedImage4108.png,u
processedImage4109.png,u
processedImage4110.png,u
processedImage4111.png,u
processedImage4112.png,u
processedImage4113.png,u
processedImage4114.png,u
processedImage4115.png,u
processedImage4116.png,u
processedImage4117.png,u
processedImage4118.png,u
processedImage4119.png,u
processedImage4120.png,u
processedImage4121.png,u
processedImage4122.png,u
processedImage4123.png,u
processedImage4124.png,u
processedImage4125.png,u
processedImage4126.png,u
processedImage4127.png,u
processedImage4128.png,u
processedImage4129.png,u
processedImage4130.png,u
processedImage4131.png,u
processedImage4132.png,u
processedImage4133.png,u
processedImage4134.png,u
processedImage4135.png,u
processedImage4136.png,u
processedImage4137.png,u
processedImage4138.png,u
processedImage4139.png,u
processedImage4140.png,u
processedImage4141.png,u
processedImage4142.png,u
processedImage4143.png,u
processedImage4144.png,u
processedImage4145.png,u
processedImage4146.png,u
processedImage4147.png,u
processedImage4148.png,u
processedImage4149.png,u
processedImage4150.png,u
processedImage4151.png,u
processedImage4152.png,u
processedImage4153.png,u
processedImage4154.png,u
processedImage4155.png,u
processedImage4156.png,u
processedImage4157.png,u
processedImage4158.png,u
processedImage4159.png,u
processedImage4160.png,u
processedImage4161.png,u
processedImage4162.png,u
processedImage4163.png,u
processedImage4164.png,u
processedImage4165.png,u
processedImage4166.png,u
processedImage4167.png,u
processedImage4168.png,u
processedImage4169.png,u
processedImage4170.png,u
processedImage4171.png,u
processedImage4172.png,u
processedImage4173.png,u
processedImage4174.png,u
processedImage4175.png,u
processedImage4176.png,u
processedImage4177.png,u
processedImage4178.png,u
processedImage4179.png,u
processedImage4180.png,u
processedImage4181.png,u
processedImage4182.png,u
processedImage4183.png,u
processedImage4184.png,u
processedImage4185.png,u
processedImage4186.png,u
processedImage4187.png,u
processedImage4188.png,u
processedImage4189.png,u
processedImage4190.png,u
processedImage4191.png,u
processedImage4192.png,u
processedImage4193.png,u
processedImage4194.png,u
processedImage4195.png,u
processedImage4196.png,u
processedImage4197.png,u
processedImage4198.png,u
processedImage4199.png,u
processedImage4200.png,u