﻿file_name,label
processedImage801.png,e
processedImage802.png,e
processedImage803.png,e
processedImage804.png,e
processedImage805.png,e
processedImage806.png,e
processedImage807.png,e
processedImage808.png,e
processedImage809.png,e
processedImage810.png,e
processedImage811.png,e
processedImage812.png,e
processedImage813.png,e
processedImage814.png,e
processedImage815.png,e
processedImage816.png,e
processedImage817.png,e
processedImage818.png,e
processedImage819.png,e
processedImage820.png,e
processedImage821.png,e
processedImage822.png,e
processedImage823.png,e
processedImage824.png,e
processedImage825.png,e
processedImage826.png,e
processedImage827.png,e
processedImage828.png,e
processedImage829.png,e
processedImage830.png,e
processedImage831.png,e
processedImage832.png,e
processedImage833.png,e
processedImage834.png,e
processedImage835.png,e
processedImage836.png,e
processedImage837.png,e
processedImage838.png,e
processedImage839.png,e
processedImage840.png,e
processedImage841.png,e
processedImage842.png,e
processedImage843.png,e
processedImage844.png,e
processedImage845.png,e
processedImage846.png,e
processedImage847.png,e
processedImage848.png,e
processedImage849.png,e
processedImage850.png,e
processedImage851.png,e
processedImage852.png,e
processedImage853.png,e
processedImage854.png,e
processedImage855.png,e
processedImage856.png,e
processedImage857.png,e
processedImage858.png,e
processedImage859.png,e
processedImage860.png,e
processedImage861.png,e
processedImage862.png,e
processedImage863.png,e
processedImage864.png,e
processedImage865.png,e
processedImage866.png,e
processedImage867.png,e
processedImage868.png,e
processedImage869.png,e
processedImage870.png,e
processedImage871.png,e
processedImage872.png,e
processedImage873.png,e
processedImage874.png,e
processedImage875.png,e
processedImage876.png,e
processedImage877.png,e
processedImage878.png,e
processedImage879.png,e
processedImage880.png,e
processedImage881.png,e
processedImage882.png,e
processedImage883.png,e
processedImage884.png,e
processedImage885.png,e
processedImage886.png,e
processedImage887.png,e
processedImage888.png,e
processedImage889.png,e
processedImage890.png,e
processedImage891.png,e
processedImage892.png,e
processedImage893.png,e
processedImage894.png,e
processedImage895.png,e
processedImage896.png,e
processedImage897.png,e
processedImage898.png,e
processedImage899.png,e
processedImage900.png,e
processedImage901.png,e
processedImage902.png,e
processedImage903.png,e
processedImage904.png,e
processedImage905.png,e
processedImage906.png,e
processedImage907.png,e
processedImage908.png,e
processedImage909.png,e
processedImage910.png,e
processedImage911.png,e
processedImage912.png,e
processedImage913.png,e
processedImage914.png,e
processedImage915.png,e
processedImage916.png,e
processedImage917.png,e
processedImage918.png,e
processedImage919.png,e
processedImage920.png,e
processedImage921.png,e
processedImage922.png,e
processedImage923.png,e
processedImage924.png,e
processedImage925.png,e
processedImage926.png,e
processedImage927.png,e
processedImage928.png,e
processedImage929.png,e
processedImage930.png,e
processedImage931.png,e
processedImage932.png,e
processedImage933.png,e
processedImage934.png,e
processedImage935.png,e
processedImage936.png,e
processedImage937.png,e
processedImage938.png,e
processedImage939.png,e
processedImage940.png,e
processedImage941.png,e
processedImage942.png,e
processedImage943.png,e
processedImage944.png,e
processedImage945.png,e
processedImage946.png,e
processedImage947.png,e
processedImage948.png,e
processedImage949.png,e
processedImage950.png,e
processedImage951.png,e
processedImage952.png,e
processedImage953.png,e
processedImage954.png,e
processedImage955.png,e
processedImage956.png,e
processedImage957.png,e
processedImage958.png,e
processedImage959.png,e
processedImage960.png,e
processedImage961.png,e
processedImage962.png,e
processedImage963.png,e
processedImage964.png,e
processedImage965.png,e
processedImage966.png,e
processedImage967.png,e
processedImage968.png,e
processedImage969.png,e
processedImage970.png,e
processedImage971.png,e
processedImage972.png,e
processedImage973.png,e
processedImage974.png,e
processedImage975.png,e
processedImage976.png,e
processedImage977.png,e
processedImage978.png,e
processedImage979.png,e
processedImage980.png,e
processedImage981.png,e
processedImage982.png,e
processedImage983.png,e
processedImage984.png,e
processedImage985.png,e
processedImage986.png,e
processedImage987.png,e
processedImage988.png,e
processedImage989.png,e
processedImage990.png,e
processedImage991.png,e
processedImage992.png,e
processedImage993.png,e
processedImage994.png,e
processedImage995.png,e
processedImage996.png,e
processedImage997.png,e
processedImage998.png,e
processedImage999.png,e
processedImage1000.png,e