﻿file_name,label
processedImage4601.png,x
processedImage4602.png,x
processedImage4603.png,x
processedImage4604.png,x
processedImage4605.png,x
processedImage4606.png,x
processedImage4607.png,x
processedImage4608.png,x
processedImage4609.png,x
processedImage4610.png,x
processedImage4611.png,x
processedImage4612.png,x
processedImage4613.png,x
processedImage4614.png,x
processedImage4615.png,x
processedImage4616.png,x
processedImage4617.png,x
processedImage4618.png,x
processedImage4619.png,x
processedImage4620.png,x
processedImage4621.png,x
processedImage4622.png,x
processedImage4623.png,x
processedImage4624.png,x
processedImage4625.png,x
processedImage4626.png,x
processedImage4627.png,x
processedImage4628.png,x
processedImage4629.png,x
processedImage4630.png,x
processedImage4631.png,x
processedImage4632.png,x
processedImage4633.png,x
processedImage4634.png,x
processedImage4635.png,x
processedImage4636.png,x
processedImage4637.png,x
processedImage4638.png,x
processedImage4639.png,x
processedImage4640.png,x
processedImage4641.png,x
processedImage4642.png,x
processedImage4643.png,x
processedImage4644.png,x
processedImage4645.png,x
processedImage4646.png,x
processedImage4647.png,x
processedImage4648.png,x
processedImage4649.png,x
processedImage4650.png,x
processedImage4651.png,x
processedImage4652.png,x
processedImage4653.png,x
processedImage4654.png,x
processedImage4655.png,x
processedImage4656.png,x
processedImage4657.png,x
processedImage4658.png,x
processedImage4659.png,x
processedImage4660.png,x
processedImage4661.png,x
processedImage4662.png,x
processedImage4663.png,x
processedImage4664.png,x
processedImage4665.png,x
processedImage4666.png,x
processedImage4667.png,x
processedImage4668.png,x
processedImage4669.png,x
processedImage4670.png,x
processedImage4671.png,x
processedImage4672.png,x
processedImage4673.png,x
processedImage4674.png,x
processedImage4675.png,x
processedImage4676.png,x
processedImage4677.png,x
processedImage4678.png,x
processedImage4679.png,x
processedImage4680.png,x
processedImage4681.png,x
processedImage4682.png,x
processedImage4683.png,x
processedImage4684.png,x
processedImage4685.png,x
processedImage4686.png,x
processedImage4687.png,x
processedImage4688.png,x
processedImage4689.png,x
processedImage4690.png,x
processedImage4691.png,x
processedImage4692.png,x
processedImage4693.png,x
processedImage4694.png,x
processedImage4695.png,x
processedImage4696.png,x
processedImage4697.png,x
processedImage4698.png,x
processedImage4699.png,x
processedImage4700.png,x
processedImage4701.png,x
processedImage4702.png,x
processedImage4703.png,x
processedImage4704.png,x
processedImage4705.png,x
processedImage4706.png,x
processedImage4707.png,x
processedImage4708.png,x
processedImage4709.png,x
processedImage4710.png,x
processedImage4711.png,x
processedImage4712.png,x
processedImage4713.png,x
processedImage4714.png,x
processedImage4715.png,x
processedImage4716.png,x
processedImage4717.png,x
processedImage4718.png,x
processedImage4719.png,x
processedImage4720.png,x
processedImage4721.png,x
processedImage4722.png,x
processedImage4723.png,x
processedImage4724.png,x
processedImage4725.png,x
processedImage4726.png,x
processedImage4727.png,x
processedImage4728.png,x
processedImage4729.png,x
processedImage4730.png,x
processedImage4731.png,x
processedImage4732.png,x
processedImage4733.png,x
processedImage4734.png,x
processedImage4735.png,x
processedImage4736.png,x
processedImage4737.png,x
processedImage4738.png,x
processedImage4739.png,x
processedImage4740.png,x
processedImage4741.png,x
processedImage4742.png,x
processedImage4743.png,x
processedImage4744.png,x
processedImage4745.png,x
processedImage4746.png,x
processedImage4747.png,x
processedImage4748.png,x
processedImage4749.png,x
processedImage4750.png,x
processedImage4751.png,x
processedImage4752.png,x
processedImage4753.png,x
processedImage4754.png,x
processedImage4755.png,x
processedImage4756.png,x
processedImage4757.png,x
processedImage4758.png,x
processedImage4759.png,x
processedImage4760.png,x
processedImage4761.png,x
processedImage4762.png,x
processedImage4763.png,x
processedImage4764.png,x
processedImage4765.png,x
processedImage4766.png,x
processedImage4767.png,x
processedImage4768.png,x
processedImage4769.png,x
processedImage4770.png,x
processedImage4771.png,x
processedImage4772.png,x
processedImage4773.png,x
processedImage4774.png,x
processedImage4775.png,x
processedImage4776.png,x
processedImage4777.png,x
processedImage4778.png,x
processedImage4779.png,x
processedImage4780.png,x
processedImage4781.png,x
processedImage4782.png,x
processedImage4783.png,x
processedImage4784.png,x
processedImage4785.png,x
processedImage4786.png,x
processedImage4787.png,x
processedImage4788.png,x
processedImage4789.png,x
processedImage4790.png,x
processedImage4791.png,x
processedImage4792.png,x
processedImage4793.png,x
processedImage4794.png,x
processedImage4795.png,x
processedImage4796.png,x
processedImage4797.png,x
processedImage4798.png,x
processedImage4799.png,x
processedImage4800.png,x