﻿file_name,label
processedImage3201.png,q
processedImage3202.png,q
processedImage3203.png,q
processedImage3204.png,q
processedImage3205.png,q
processedImage3206.png,q
processedImage3207.png,q
processedImage3208.png,q
processedImage3209.png,q
processedImage3210.png,q
processedImage3211.png,q
processedImage3212.png,q
processedImage3213.png,q
processedImage3214.png,q
processedImage3215.png,q
processedImage3216.png,q
processedImage3217.png,q
processedImage3218.png,q
processedImage3219.png,q
processedImage3220.png,q
processedImage3221.png,q
processedImage3222.png,q
processedImage3223.png,q
processedImage3224.png,q
processedImage3225.png,q
processedImage3226.png,q
processedImage3227.png,q
processedImage3228.png,q
processedImage3229.png,q
processedImage3230.png,q
processedImage3231.png,q
processedImage3232.png,q
processedImage3233.png,q
processedImage3234.png,q
processedImage3235.png,q
processedImage3236.png,q
processedImage3237.png,q
processedImage3238.png,q
processedImage3239.png,q
processedImage3240.png,q
processedImage3241.png,q
processedImage3242.png,q
processedImage3243.png,q
processedImage3244.png,q
processedImage3245.png,q
processedImage3246.png,q
processedImage3247.png,q
processedImage3248.png,q
processedImage3249.png,q
processedImage3250.png,q
processedImage3251.png,q
processedImage3252.png,q
processedImage3253.png,q
processedImage3254.png,q
processedImage3255.png,q
processedImage3256.png,q
processedImage3257.png,q
processedImage3258.png,q
processedImage3259.png,q
processedImage3260.png,q
processedImage3261.png,q
processedImage3262.png,q
processedImage3263.png,q
processedImage3264.png,q
processedImage3265.png,q
processedImage3266.png,q
processedImage3267.png,q
processedImage3268.png,q
processedImage3269.png,q
processedImage3270.png,q
processedImage3271.png,q
processedImage3272.png,q
processedImage3273.png,q
processedImage3274.png,q
processedImage3275.png,q
processedImage3276.png,q
processedImage3277.png,q
processedImage3278.png,q
processedImage3279.png,q
processedImage3280.png,q
processedImage3281.png,q
processedImage3282.png,q
processedImage3283.png,q
processedImage3284.png,q
processedImage3285.png,q
processedImage3286.png,q
processedImage3287.png,q
processedImage3288.png,q
processedImage3289.png,q
processedImage3290.png,q
processedImage3291.png,q
processedImage3292.png,q
processedImage3293.png,q
processedImage3294.png,q
processedImage3295.png,q
processedImage3296.png,q
processedImage3297.png,q
processedImage3298.png,q
processedImage3299.png,q
processedImage3300.png,q
processedImage3301.png,q
processedImage3302.png,q
processedImage3303.png,q
processedImage3304.png,q
processedImage3305.png,q
processedImage3306.png,q
processedImage3307.png,q
processedImage3308.png,q
processedImage3309.png,q
processedImage3310.png,q
processedImage3311.png,q
processedImage3312.png,q
processedImage3313.png,q
processedImage3314.png,q
processedImage3315.png,q
processedImage3316.png,q
processedImage3317.png,q
processedImage3318.png,q
processedImage3319.png,q
processedImage3320.png,q
processedImage3321.png,q
processedImage3322.png,q
processedImage3323.png,q
processedImage3324.png,q
processedImage3325.png,q
processedImage3326.png,q
processedImage3327.png,q
processedImage3328.png,q
processedImage3329.png,q
processedImage3330.png,q
processedImage3331.png,q
processedImage3332.png,q
processedImage3333.png,q
processedImage3334.png,q
processedImage3335.png,q
processedImage3336.png,q
processedImage3337.png,q
processedImage3338.png,q
processedImage3339.png,q
processedImage3340.png,q
processedImage3341.png,q
processedImage3342.png,q
processedImage3343.png,q
processedImage3344.png,q
processedImage3345.png,q
processedImage3346.png,q
processedImage3347.png,q
processedImage3348.png,q
processedImage3349.png,q
processedImage3350.png,q
processedImage3351.png,q
processedImage3352.png,q
processedImage3353.png,q
processedImage3354.png,q
processedImage3355.png,q
processedImage3356.png,q
processedImage3357.png,q
processedImage3358.png,q
processedImage3359.png,q
processedImage3360.png,q
processedImage3361.png,q
processedImage3362.png,q
processedImage3363.png,q
processedImage3364.png,q
processedImage3365.png,q
processedImage3366.png,q
processedImage3367.png,q
processedImage3368.png,q
processedImage3369.png,q
processedImage3370.png,q
processedImage3371.png,q
processedImage3372.png,q
processedImage3373.png,q
processedImage3374.png,q
processedImage3375.png,q
processedImage3376.png,q
processedImage3377.png,q
processedImage3378.png,q
processedImage3379.png,q
processedImage3380.png,q
processedImage3381.png,q
processedImage3382.png,q
processedImage3383.png,q
processedImage3384.png,q
processedImage3385.png,q
processedImage3386.png,q
processedImage3387.png,q
processedImage3388.png,q
processedImage3389.png,q
processedImage3390.png,q
processedImage3391.png,q
processedImage3392.png,q
processedImage3393.png,q
processedImage3394.png,q
processedImage3395.png,q
processedImage3396.png,q
processedImage3397.png,q
processedImage3398.png,q
processedImage3399.png,q
processedImage3400.png,q