﻿file_name,label
processedImage2801.png,o
processedImage2802.png,o
processedImage2803.png,o
processedImage2804.png,o
processedImage2805.png,o
processedImage2806.png,o
processedImage2807.png,o
processedImage2808.png,o
processedImage2809.png,o
processedImage2810.png,o
processedImage2811.png,o
processedImage2812.png,o
processedImage2813.png,o
processedImage2814.png,o
processedImage2815.png,o
processedImage2816.png,o
processedImage2817.png,o
processedImage2818.png,o
processedImage2819.png,o
processedImage2820.png,o
processedImage2821.png,o
processedImage2822.png,o
processedImage2823.png,o
processedImage2824.png,o
processedImage2825.png,o
processedImage2826.png,o
processedImage2827.png,o
processedImage2828.png,o
processedImage2829.png,o
processedImage2830.png,o
processedImage2831.png,o
processedImage2832.png,o
processedImage2833.png,o
processedImage2834.png,o
processedImage2835.png,o
processedImage2836.png,o
processedImage2837.png,o
processedImage2838.png,o
processedImage2839.png,o
processedImage2840.png,o
processedImage2841.png,o
processedImage2842.png,o
processedImage2843.png,o
processedImage2844.png,o
processedImage2845.png,o
processedImage2846.png,o
processedImage2847.png,o
processedImage2848.png,o
processedImage2849.png,o
processedImage2850.png,o
processedImage2851.png,o
processedImage2852.png,o
processedImage2853.png,o
processedImage2854.png,o
processedImage2855.png,o
processedImage2856.png,o
processedImage2857.png,o
processedImage2858.png,o
processedImage2859.png,o
processedImage2860.png,o
processedImage2861.png,o
processedImage2862.png,o
processedImage2863.png,o
processedImage2864.png,o
processedImage2865.png,o
processedImage2866.png,o
processedImage2867.png,o
processedImage2868.png,o
processedImage2869.png,o
processedImage2870.png,o
processedImage2871.png,o
processedImage2872.png,o
processedImage2873.png,o
processedImage2874.png,o
processedImage2875.png,o
processedImage2876.png,o
processedImage2877.png,o
processedImage2878.png,o
processedImage2879.png,o
processedImage2880.png,o
processedImage2881.png,o
processedImage2882.png,o
processedImage2883.png,o
processedImage2884.png,o
processedImage2885.png,o
processedImage2886.png,o
processedImage2887.png,o
processedImage2888.png,o
processedImage2889.png,o
processedImage2890.png,o
processedImage2891.png,o
processedImage2892.png,o
processedImage2893.png,o
processedImage2894.png,o
processedImage2895.png,o
processedImage2896.png,o
processedImage2897.png,o
processedImage2898.png,o
processedImage2899.png,o
processedImage2900.png,o
processedImage2901.png,o
processedImage2902.png,o
processedImage2903.png,o
processedImage2904.png,o
processedImage2905.png,o
processedImage2906.png,o
processedImage2907.png,o
processedImage2908.png,o
processedImage2909.png,o
processedImage2910.png,o
processedImage2911.png,o
processedImage2912.png,o
processedImage2913.png,o
processedImage2914.png,o
processedImage2915.png,o
processedImage2916.png,o
processedImage2917.png,o
processedImage2918.png,o
processedImage2919.png,o
processedImage2920.png,o
processedImage2921.png,o
processedImage2922.png,o
processedImage2923.png,o
processedImage2924.png,o
processedImage2925.png,o
processedImage2926.png,o
processedImage2927.png,o
processedImage2928.png,o
processedImage2929.png,o
processedImage2930.png,o
processedImage2931.png,o
processedImage2932.png,o
processedImage2933.png,o
processedImage2934.png,o
processedImage2935.png,o
processedImage2936.png,o
processedImage2937.png,o
processedImage2938.png,o
processedImage2939.png,o
processedImage2940.png,o
processedImage2941.png,o
processedImage2942.png,o
processedImage2943.png,o
processedImage2944.png,o
processedImage2945.png,o
processedImage2946.png,o
processedImage2947.png,o
processedImage2948.png,o
processedImage2949.png,o
processedImage2950.png,o
processedImage2951.png,o
processedImage2952.png,o
processedImage2953.png,o
processedImage2954.png,o
processedImage2955.png,o
processedImage2956.png,o
processedImage2957.png,o
processedImage2958.png,o
processedImage2959.png,o
processedImage2960.png,o
processedImage2961.png,o
processedImage2962.png,o
processedImage2963.png,o
processedImage2964.png,o
processedImage2965.png,o
processedImage2966.png,o
processedImage2967.png,o
processedImage2968.png,o
processedImage2969.png,o
processedImage2970.png,o
processedImage2971.png,o
processedImage2972.png,o
processedImage2973.png,o
processedImage2974.png,o
processedImage2975.png,o
processedImage2976.png,o
processedImage2977.png,o
processedImage2978.png,o
processedImage2979.png,o
processedImage2980.png,o
processedImage2981.png,o
processedImage2982.png,o
processedImage2983.png,o
processedImage2984.png,o
processedImage2985.png,o
processedImage2986.png,o
processedImage2987.png,o
processedImage2988.png,o
processedImage2989.png,o
processedImage2990.png,o
processedImage2991.png,o
processedImage2992.png,o
processedImage2993.png,o
processedImage2994.png,o
processedImage2995.png,o
processedImage2996.png,o
processedImage2997.png,o
processedImage2998.png,o
processedImage2999.png,o
processedImage3000.png,o