﻿file_name,label
processedImage1201.png,g
processedImage1202.png,g
processedImage1203.png,g
processedImage1204.png,g
processedImage1205.png,g
processedImage1206.png,g
processedImage1207.png,g
processedImage1208.png,g
processedImage1209.png,g
processedImage1210.png,g
processedImage1211.png,g
processedImage1212.png,g
processedImage1213.png,g
processedImage1214.png,g
processedImage1215.png,g
processedImage1216.png,g
processedImage1217.png,g
processedImage1218.png,g
processedImage1219.png,g
processedImage1220.png,g
processedImage1221.png,g
processedImage1222.png,g
processedImage1223.png,g
processedImage1224.png,g
processedImage1225.png,g
processedImage1226.png,g
processedImage1227.png,g
processedImage1228.png,g
processedImage1229.png,g
processedImage1230.png,g
processedImage1231.png,g
processedImage1232.png,g
processedImage1233.png,g
processedImage1234.png,g
processedImage1235.png,g
processedImage1236.png,g
processedImage1237.png,g
processedImage1238.png,g
processedImage1239.png,g
processedImage1240.png,g
processedImage1241.png,g
processedImage1242.png,g
processedImage1243.png,g
processedImage1244.png,g
processedImage1245.png,g
processedImage1246.png,g
processedImage1247.png,g
processedImage1248.png,g
processedImage1249.png,g
processedImage1250.png,g
processedImage1251.png,g
processedImage1252.png,g
processedImage1253.png,g
processedImage1254.png,g
processedImage1255.png,g
processedImage1256.png,g
processedImage1257.png,g
processedImage1258.png,g
processedImage1259.png,g
processedImage1260.png,g
processedImage1261.png,g
processedImage1262.png,g
processedImage1263.png,g
processedImage1264.png,g
processedImage1265.png,g
processedImage1266.png,g
processedImage1267.png,g
processedImage1268.png,g
processedImage1269.png,g
processedImage1270.png,g
processedImage1271.png,g
processedImage1272.png,g
processedImage1273.png,g
processedImage1274.png,g
processedImage1275.png,g
processedImage1276.png,g
processedImage1277.png,g
processedImage1278.png,g
processedImage1279.png,g
processedImage1280.png,g
processedImage1281.png,g
processedImage1282.png,g
processedImage1283.png,g
processedImage1284.png,g
processedImage1285.png,g
processedImage1286.png,g
processedImage1287.png,g
processedImage1288.png,g
processedImage1289.png,g
processedImage1290.png,g
processedImage1291.png,g
processedImage1292.png,g
processedImage1293.png,g
processedImage1294.png,g
processedImage1295.png,g
processedImage1296.png,g
processedImage1297.png,g
processedImage1298.png,g
processedImage1299.png,g
processedImage1300.png,g
processedImage1301.png,g
processedImage1302.png,g
processedImage1303.png,g
processedImage1304.png,g
processedImage1305.png,g
processedImage1306.png,g
processedImage1307.png,g
processedImage1308.png,g
processedImage1309.png,g
processedImage1310.png,g
processedImage1311.png,g
processedImage1312.png,g
processedImage1313.png,g
processedImage1314.png,g
processedImage1315.png,g
processedImage1316.png,g
processedImage1317.png,g
processedImage1318.png,g
processedImage1319.png,g
processedImage1320.png,g
processedImage1321.png,g
processedImage1322.png,g
processedImage1323.png,g
processedImage1324.png,g
processedImage1325.png,g
processedImage1326.png,g
processedImage1327.png,g
processedImage1328.png,g
processedImage1329.png,g
processedImage1330.png,g
processedImage1331.png,g
processedImage1332.png,g
processedImage1333.png,g
processedImage1334.png,g
processedImage1335.png,g
processedImage1336.png,g
processedImage1337.png,g
processedImage1338.png,g
processedImage1339.png,g
processedImage1340.png,g
processedImage1341.png,g
processedImage1342.png,g
processedImage1343.png,g
processedImage1344.png,g
processedImage1345.png,g
processedImage1346.png,g
processedImage1347.png,g
processedImage1348.png,g
processedImage1349.png,g
processedImage1350.png,g
processedImage1351.png,g
processedImage1352.png,g
processedImage1353.png,g
processedImage1354.png,g
processedImage1355.png,g
processedImage1356.png,g
processedImage1357.png,g
processedImage1358.png,g
processedImage1359.png,g
processedImage1360.png,g
processedImage1361.png,g
processedImage1362.png,g
processedImage1363.png,g
processedImage1364.png,g
processedImage1365.png,g
processedImage1366.png,g
processedImage1367.png,g
processedImage1368.png,g
processedImage1369.png,g
processedImage1370.png,g
processedImage1371.png,g
processedImage1372.png,g
processedImage1373.png,g
processedImage1374.png,g
processedImage1375.png,g
processedImage1376.png,g
processedImage1377.png,g
processedImage1378.png,g
processedImage1379.png,g
processedImage1380.png,g
processedImage1381.png,g
processedImage1382.png,g
processedImage1383.png,g
processedImage1384.png,g
processedImage1385.png,g
processedImage1386.png,g
processedImage1387.png,g
processedImage1388.png,g
processedImage1389.png,g
processedImage1390.png,g
processedImage1391.png,g
processedImage1392.png,g
processedImage1393.png,g
processedImage1394.png,g
processedImage1395.png,g
processedImage1396.png,g
processedImage1397.png,g
processedImage1398.png,g
processedImage1399.png,g
processedImage1400.png,g