﻿file_name,label
processedImage4401.png,w
processedImage4402.png,w
processedImage4403.png,w
processedImage4404.png,w
processedImage4405.png,w
processedImage4406.png,w
processedImage4407.png,w
processedImage4408.png,w
processedImage4409.png,w
processedImage4410.png,w
processedImage4411.png,w
processedImage4412.png,w
processedImage4413.png,w
processedImage4414.png,w
processedImage4415.png,w
processedImage4416.png,w
processedImage4417.png,w
processedImage4418.png,w
processedImage4419.png,w
processedImage4420.png,w
processedImage4421.png,w
processedImage4422.png,w
processedImage4423.png,w
processedImage4424.png,w
processedImage4425.png,w
processedImage4426.png,w
processedImage4427.png,w
processedImage4428.png,w
processedImage4429.png,w
processedImage4430.png,w
processedImage4431.png,w
processedImage4432.png,w
processedImage4433.png,w
processedImage4434.png,w
processedImage4435.png,w
processedImage4436.png,w
processedImage4437.png,w
processedImage4438.png,w
processedImage4439.png,w
processedImage4440.png,w
processedImage4441.png,w
processedImage4442.png,w
processedImage4443.png,w
processedImage4444.png,w
processedImage4445.png,w
processedImage4446.png,w
processedImage4447.png,w
processedImage4448.png,w
processedImage4449.png,w
processedImage4450.png,w
processedImage4451.png,w
processedImage4452.png,w
processedImage4453.png,w
processedImage4454.png,w
processedImage4455.png,w
processedImage4456.png,w
processedImage4457.png,w
processedImage4458.png,w
processedImage4459.png,w
processedImage4460.png,w
processedImage4461.png,w
processedImage4462.png,w
processedImage4463.png,w
processedImage4464.png,w
processedImage4465.png,w
processedImage4466.png,w
processedImage4467.png,w
processedImage4468.png,w
processedImage4469.png,w
processedImage4470.png,w
processedImage4471.png,w
processedImage4472.png,w
processedImage4473.png,w
processedImage4474.png,w
processedImage4475.png,w
processedImage4476.png,w
processedImage4477.png,w
processedImage4478.png,w
processedImage4479.png,w
processedImage4480.png,w
processedImage4481.png,w
processedImage4482.png,w
processedImage4483.png,w
processedImage4484.png,w
processedImage4485.png,w
processedImage4486.png,w
processedImage4487.png,w
processedImage4488.png,w
processedImage4489.png,w
processedImage4490.png,w
processedImage4491.png,w
processedImage4492.png,w
processedImage4493.png,w
processedImage4494.png,w
processedImage4495.png,w
processedImage4496.png,w
processedImage4497.png,w
processedImage4498.png,w
processedImage4499.png,w
processedImage4500.png,w
processedImage4501.png,w
processedImage4502.png,w
processedImage4503.png,w
processedImage4504.png,w
processedImage4505.png,w
processedImage4506.png,w
processedImage4507.png,w
processedImage4508.png,w
processedImage4509.png,w
processedImage4510.png,w
processedImage4511.png,w
processedImage4512.png,w
processedImage4513.png,w
processedImage4514.png,w
processedImage4515.png,w
processedImage4516.png,w
processedImage4517.png,w
processedImage4518.png,w
processedImage4519.png,w
processedImage4520.png,w
processedImage4521.png,w
processedImage4522.png,w
processedImage4523.png,w
processedImage4524.png,w
processedImage4525.png,w
processedImage4526.png,w
processedImage4527.png,w
processedImage4528.png,w
processedImage4529.png,w
processedImage4530.png,w
processedImage4531.png,w
processedImage4532.png,w
processedImage4533.png,w
processedImage4534.png,w
processedImage4535.png,w
processedImage4536.png,w
processedImage4537.png,w
processedImage4538.png,w
processedImage4539.png,w
processedImage4540.png,w
processedImage4541.png,w
processedImage4542.png,w
processedImage4543.png,w
processedImage4544.png,w
processedImage4545.png,w
processedImage4546.png,w
processedImage4547.png,w
processedImage4548.png,w
processedImage4549.png,w
processedImage4550.png,w
processedImage4551.png,w
processedImage4552.png,w
processedImage4553.png,w
processedImage4554.png,w
processedImage4555.png,w
processedImage4556.png,w
processedImage4557.png,w
processedImage4558.png,w
processedImage4559.png,w
processedImage4560.png,w
processedImage4561.png,w
processedImage4562.png,w
processedImage4563.png,w
processedImage4564.png,w
processedImage4565.png,w
processedImage4566.png,w
processedImage4567.png,w
processedImage4568.png,w
processedImage4569.png,w
processedImage4570.png,w
processedImage4571.png,w
processedImage4572.png,w
processedImage4573.png,w
processedImage4574.png,w
processedImage4575.png,w
processedImage4576.png,w
processedImage4577.png,w
processedImage4578.png,w
processedImage4579.png,w
processedImage4580.png,w
processedImage4581.png,w
processedImage4582.png,w
processedImage4583.png,w
processedImage4584.png,w
processedImage4585.png,w
processedImage4586.png,w
processedImage4587.png,w
processedImage4588.png,w
processedImage4589.png,w
processedImage4590.png,w
processedImage4591.png,w
processedImage4592.png,w
processedImage4593.png,w
processedImage4594.png,w
processedImage4595.png,w
processedImage4596.png,w
processedImage4597.png,w
processedImage4598.png,w
processedImage4599.png,w
processedImage4600.png,w