file_name,label
processedImage1.png,a
processedImage2.png,a
processedImage3.png,a
processedImage4.png,a
processedImage5.png,a
processedImage6.png,a
processedImage7.png,a
processedImage8.png,a
processedImage9.png,a
processedImage10.png,a
processedImage11.png,a
processedImage12.png,a
processedImage13.png,a
processedImage14.png,a
processedImage15.png,a
processedImage16.png,a
processedImage17.png,a
processedImage18.png,a
processedImage19.png,a
processedImage20.png,a
processedImage21.png,a
processedImage22.png,a
processedImage23.png,a
processedImage24.png,a
processedImage25.png,a
processedImage26.png,a
processedImage27.png,a
processedImage28.png,a
processedImage29.png,a
processedImage30.png,a
processedImage31.png,a
processedImage32.png,a
processedImage33.png,a
processedImage34.png,a
processedImage35.png,a
processedImage36.png,a
processedImage37.png,a
processedImage38.png,a
processedImage39.png,a
processedImage40.png,a
processedImage41.png,a
processedImage42.png,a
processedImage43.png,a
processedImage44.png,a
processedImage45.png,a
processedImage46.png,a
processedImage47.png,a
processedImage48.png,a
processedImage49.png,a
processedImage50.png,a
processedImage51.png,a
processedImage52.png,a
processedImage53.png,a
processedImage54.png,a
processedImage55.png,a
processedImage56.png,a
processedImage57.png,a
processedImage58.png,a
processedImage59.png,a
processedImage60.png,a
processedImage61.png,a
processedImage62.png,a
processedImage63.png,a
processedImage64.png,a
processedImage65.png,a
processedImage66.png,a
processedImage67.png,a
processedImage68.png,a
processedImage69.png,a
processedImage70.png,a
processedImage71.png,a
processedImage72.png,a
processedImage73.png,a
processedImage74.png,a
processedImage75.png,a
processedImage76.png,a
processedImage77.png,a
processedImage78.png,a
processedImage79.png,a
processedImage80.png,a
processedImage81.png,a
processedImage82.png,a
processedImage83.png,a
processedImage84.png,a
processedImage85.png,a
processedImage86.png,a
processedImage87.png,a
processedImage88.png,a
processedImage89.png,a
processedImage90.png,a
processedImage91.png,a
processedImage92.png,a
processedImage93.png,a
processedImage94.png,a
processedImage95.png,a
processedImage96.png,a
processedImage97.png,a
processedImage98.png,a
processedImage99.png,a
processedImage100.png,a
processedImage101.png,a
processedImage102.png,a
processedImage103.png,a
processedImage104.png,a
processedImage105.png,a
processedImage106.png,a
processedImage107.png,a
processedImage108.png,a
processedImage109.png,a
processedImage110.png,a
processedImage111.png,a
processedImage112.png,a
processedImage113.png,a
processedImage114.png,a
processedImage115.png,a
processedImage116.png,a
processedImage117.png,a
processedImage118.png,a
processedImage119.png,a
processedImage120.png,a
processedImage121.png,a
processedImage122.png,a
processedImage123.png,a
processedImage124.png,a
processedImage125.png,a
processedImage126.png,a
processedImage127.png,a
processedImage128.png,a
processedImage129.png,a
processedImage130.png,a
processedImage131.png,a
processedImage132.png,a
processedImage133.png,a
processedImage134.png,a
processedImage135.png,a
processedImage136.png,a
processedImage137.png,a
processedImage138.png,a
processedImage139.png,a
processedImage140.png,a
processedImage141.png,a
processedImage142.png,a
processedImage143.png,a
processedImage144.png,a
processedImage145.png,a
processedImage146.png,a
processedImage147.png,a
processedImage148.png,a
processedImage149.png,a
processedImage150.png,a
processedImage151.png,a
processedImage152.png,a
processedImage153.png,a
processedImage154.png,a
processedImage155.png,a
processedImage156.png,a
processedImage157.png,a
processedImage158.png,a
processedImage159.png,a
processedImage160.png,a
processedImage161.png,a
processedImage162.png,a
processedImage163.png,a
processedImage164.png,a
processedImage165.png,a
processedImage166.png,a
processedImage167.png,a
processedImage168.png,a
processedImage169.png,a
processedImage170.png,a
processedImage171.png,a
processedImage172.png,a
processedImage173.png,a
processedImage174.png,a
processedImage175.png,a
processedImage176.png,a
processedImage177.png,a
processedImage178.png,a
processedImage179.png,a
processedImage180.png,a
processedImage181.png,a
processedImage182.png,a
processedImage183.png,a
processedImage184.png,a
processedImage185.png,a
processedImage186.png,a
processedImage187.png,a
processedImage188.png,a
processedImage189.png,a
processedImage190.png,a
processedImage191.png,a
processedImage192.png,a
processedImage193.png,a
processedImage194.png,a
processedImage195.png,a
processedImage196.png,a
processedImage197.png,a
processedImage198.png,a
processedImage199.png,a
processedImage200.png,a