﻿file_name,label
processedImage1601.png,i
processedImage1602.png,i
processedImage1603.png,i
processedImage1604.png,i
processedImage1605.png,i
processedImage1606.png,i
processedImage1607.png,i
processedImage1608.png,i
processedImage1609.png,i
processedImage1610.png,i
processedImage1611.png,i
processedImage1612.png,i
processedImage1613.png,i
processedImage1614.png,i
processedImage1615.png,i
processedImage1616.png,i
processedImage1617.png,i
processedImage1618.png,i
processedImage1619.png,i
processedImage1620.png,i
processedImage1621.png,i
processedImage1622.png,i
processedImage1623.png,i
processedImage1624.png,i
processedImage1625.png,i
processedImage1626.png,i
processedImage1627.png,i
processedImage1628.png,i
processedImage1629.png,i
processedImage1630.png,i
processedImage1631.png,i
processedImage1632.png,i
processedImage1633.png,i
processedImage1634.png,i
processedImage1635.png,i
processedImage1636.png,i
processedImage1637.png,i
processedImage1638.png,i
processedImage1639.png,i
processedImage1640.png,i
processedImage1641.png,i
processedImage1642.png,i
processedImage1643.png,i
processedImage1644.png,i
processedImage1645.png,i
processedImage1646.png,i
processedImage1647.png,i
processedImage1648.png,i
processedImage1649.png,i
processedImage1650.png,i
processedImage1651.png,i
processedImage1652.png,i
processedImage1653.png,i
processedImage1654.png,i
processedImage1655.png,i
processedImage1656.png,i
processedImage1657.png,i
processedImage1658.png,i
processedImage1659.png,i
processedImage1660.png,i
processedImage1661.png,i
processedImage1662.png,i
processedImage1663.png,i
processedImage1664.png,i
processedImage1665.png,i
processedImage1666.png,i
processedImage1667.png,i
processedImage1668.png,i
processedImage1669.png,i
processedImage1670.png,i
processedImage1671.png,i
processedImage1672.png,i
processedImage1673.png,i
processedImage1674.png,i
processedImage1675.png,i
processedImage1676.png,i
processedImage1677.png,i
processedImage1678.png,i
processedImage1679.png,i
processedImage1680.png,i
processedImage1681.png,i
processedImage1682.png,i
processedImage1683.png,i
processedImage1684.png,i
processedImage1685.png,i
processedImage1686.png,i
processedImage1687.png,i
processedImage1688.png,i
processedImage1689.png,i
processedImage1690.png,i
processedImage1691.png,i
processedImage1692.png,i
processedImage1693.png,i
processedImage1694.png,i
processedImage1695.png,i
processedImage1696.png,i
processedImage1697.png,i
processedImage1698.png,i
processedImage1699.png,i
processedImage1700.png,i
processedImage1701.png,i
processedImage1702.png,i
processedImage1703.png,i
processedImage1704.png,i
processedImage1705.png,i
processedImage1706.png,i
processedImage1707.png,i
processedImage1708.png,i
processedImage1709.png,i
processedImage1710.png,i
processedImage1711.png,i
processedImage1712.png,i
processedImage1713.png,i
processedImage1714.png,i
processedImage1715.png,i
processedImage1716.png,i
processedImage1717.png,i
processedImage1718.png,i
processedImage1719.png,i
processedImage1720.png,i
processedImage1721.png,i
processedImage1722.png,i
processedImage1723.png,i
processedImage1724.png,i
processedImage1725.png,i
processedImage1726.png,i
processedImage1727.png,i
processedImage1728.png,i
processedImage1729.png,i
processedImage1730.png,i
processedImage1731.png,i
processedImage1732.png,i
processedImage1733.png,i
processedImage1734.png,i
processedImage1735.png,i
processedImage1736.png,i
processedImage1737.png,i
processedImage1738.png,i
processedImage1739.png,i
processedImage1740.png,i
processedImage1741.png,i
processedImage1742.png,i
processedImage1743.png,i
processedImage1744.png,i
processedImage1745.png,i
processedImage1746.png,i
processedImage1747.png,i
processedImage1748.png,i
processedImage1749.png,i
processedImage1750.png,i
processedImage1751.png,i
processedImage1752.png,i
processedImage1753.png,i
processedImage1754.png,i
processedImage1755.png,i
processedImage1756.png,i
processedImage1757.png,i
processedImage1758.png,i
processedImage1759.png,i
processedImage1760.png,i
processedImage1761.png,i
processedImage1762.png,i
processedImage1763.png,i
processedImage1764.png,i
processedImage1765.png,i
processedImage1766.png,i
processedImage1767.png,i
processedImage1768.png,i
processedImage1769.png,i
processedImage1770.png,i
processedImage1771.png,i
processedImage1772.png,i
processedImage1773.png,i
processedImage1774.png,i
processedImage1775.png,i
processedImage1776.png,i
processedImage1777.png,i
processedImage1778.png,i
processedImage1779.png,i
processedImage1780.png,i
processedImage1781.png,i
processedImage1782.png,i
processedImage1783.png,i
processedImage1784.png,i
processedImage1785.png,i
processedImage1786.png,i
processedImage1787.png,i
processedImage1788.png,i
processedImage1789.png,i
processedImage1790.png,i
processedImage1791.png,i
processedImage1792.png,i
processedImage1793.png,i
processedImage1794.png,i
processedImage1795.png,i
processedImage1796.png,i
processedImage1797.png,i
processedImage1798.png,i
processedImage1799.png,i
processedImage1800.png,i