﻿file_name,label
processedImage4801.png,y
processedImage4802.png,y
processedImage4803.png,y
processedImage4804.png,y
processedImage4805.png,y
processedImage4806.png,y
processedImage4807.png,y
processedImage4808.png,y
processedImage4809.png,y
processedImage4810.png,y
processedImage4811.png,y
processedImage4812.png,y
processedImage4813.png,y
processedImage4814.png,y
processedImage4815.png,y
processedImage4816.png,y
processedImage4817.png,y
processedImage4818.png,y
processedImage4819.png,y
processedImage4820.png,y
processedImage4821.png,y
processedImage4822.png,y
processedImage4823.png,y
processedImage4824.png,y
processedImage4825.png,y
processedImage4826.png,y
processedImage4827.png,y
processedImage4828.png,y
processedImage4829.png,y
processedImage4830.png,y
processedImage4831.png,y
processedImage4832.png,y
processedImage4833.png,y
processedImage4834.png,y
processedImage4835.png,y
processedImage4836.png,y
processedImage4837.png,y
processedImage4838.png,y
processedImage4839.png,y
processedImage4840.png,y
processedImage4841.png,y
processedImage4842.png,y
processedImage4843.png,y
processedImage4844.png,y
processedImage4845.png,y
processedImage4846.png,y
processedImage4847.png,y
processedImage4848.png,y
processedImage4849.png,y
processedImage4850.png,y
processedImage4851.png,y
processedImage4852.png,y
processedImage4853.png,y
processedImage4854.png,y
processedImage4855.png,y
processedImage4856.png,y
processedImage4857.png,y
processedImage4858.png,y
processedImage4859.png,y
processedImage4860.png,y
processedImage4861.png,y
processedImage4862.png,y
processedImage4863.png,y
processedImage4864.png,y
processedImage4865.png,y
processedImage4866.png,y
processedImage4867.png,y
processedImage4868.png,y
processedImage4869.png,y
processedImage4870.png,y
processedImage4871.png,y
processedImage4872.png,y
processedImage4873.png,y
processedImage4874.png,y
processedImage4875.png,y
processedImage4876.png,y
processedImage4877.png,y
processedImage4878.png,y
processedImage4879.png,y
processedImage4880.png,y
processedImage4881.png,y
processedImage4882.png,y
processedImage4883.png,y
processedImage4884.png,y
processedImage4885.png,y
processedImage4886.png,y
processedImage4887.png,y
processedImage4888.png,y
processedImage4889.png,y
processedImage4890.png,y
processedImage4891.png,y
processedImage4892.png,y
processedImage4893.png,y
processedImage4894.png,y
processedImage4895.png,y
processedImage4896.png,y
processedImage4897.png,y
processedImage4898.png,y
processedImage4899.png,y
processedImage4900.png,y
processedImage4901.png,y
processedImage4902.png,y
processedImage4903.png,y
processedImage4904.png,y
processedImage4905.png,y
processedImage4906.png,y
processedImage4907.png,y
processedImage4908.png,y
processedImage4909.png,y
processedImage4910.png,y
processedImage4911.png,y
processedImage4912.png,y
processedImage4913.png,y
processedImage4914.png,y
processedImage4915.png,y
processedImage4916.png,y
processedImage4917.png,y
processedImage4918.png,y
processedImage4919.png,y
processedImage4920.png,y
processedImage4921.png,y
processedImage4922.png,y
processedImage4923.png,y
processedImage4924.png,y
processedImage4925.png,y
processedImage4926.png,y
processedImage4927.png,y
processedImage4928.png,y
processedImage4929.png,y
processedImage4930.png,y
processedImage4931.png,y
processedImage4932.png,y
processedImage4933.png,y
processedImage4934.png,y
processedImage4935.png,y
processedImage4936.png,y
processedImage4937.png,y
processedImage4938.png,y
processedImage4939.png,y
processedImage4940.png,y
processedImage4941.png,y
processedImage4942.png,y
processedImage4943.png,y
processedImage4944.png,y
processedImage4945.png,y
processedImage4946.png,y
processedImage4947.png,y
processedImage4948.png,y
processedImage4949.png,y
processedImage4950.png,y
processedImage4951.png,y
processedImage4952.png,y
processedImage4953.png,y
processedImage4954.png,y
processedImage4955.png,y
processedImage4956.png,y
processedImage4957.png,y
processedImage4958.png,y
processedImage4959.png,y
processedImage4960.png,y
processedImage4961.png,y
processedImage4962.png,y
processedImage4963.png,y
processedImage4964.png,y
processedImage4965.png,y
processedImage4966.png,y
processedImage4967.png,y
processedImage4968.png,y
processedImage4969.png,y
processedImage4970.png,y
processedImage4971.png,y
processedImage4972.png,y
processedImage4973.png,y
processedImage4974.png,y
processedImage4975.png,y
processedImage4976.png,y
processedImage4977.png,y
processedImage4978.png,y
processedImage4979.png,y
processedImage4980.png,y
processedImage4981.png,y
processedImage4982.png,y
processedImage4983.png,y
processedImage4984.png,y
processedImage4985.png,y
processedImage4986.png,y
processedImage4987.png,y
processedImage4988.png,y
processedImage4989.png,y
processedImage4990.png,y
processedImage4991.png,y
processedImage4992.png,y
processedImage4993.png,y
processedImage4994.png,y
processedImage4995.png,y
processedImage4996.png,y
processedImage4997.png,y
processedImage4998.png,y
processedImage4999.png,y
processedImage5000.png,y