﻿file_name,label
processedImage2001.png,k
processedImage2002.png,k
processedImage2003.png,k
processedImage2004.png,k
processedImage2005.png,k
processedImage2006.png,k
processedImage2007.png,k
processedImage2008.png,k
processedImage2009.png,k
processedImage2010.png,k
processedImage2011.png,k
processedImage2012.png,k
processedImage2013.png,k
processedImage2014.png,k
processedImage2015.png,k
processedImage2016.png,k
processedImage2017.png,k
processedImage2018.png,k
processedImage2019.png,k
processedImage2020.png,k
processedImage2021.png,k
processedImage2022.png,k
processedImage2023.png,k
processedImage2024.png,k
processedImage2025.png,k
processedImage2026.png,k
processedImage2027.png,k
processedImage2028.png,k
processedImage2029.png,k
processedImage2030.png,k
processedImage2031.png,k
processedImage2032.png,k
processedImage2033.png,k
processedImage2034.png,k
processedImage2035.png,k
processedImage2036.png,k
processedImage2037.png,k
processedImage2038.png,k
processedImage2039.png,k
processedImage2040.png,k
processedImage2041.png,k
processedImage2042.png,k
processedImage2043.png,k
processedImage2044.png,k
processedImage2045.png,k
processedImage2046.png,k
processedImage2047.png,k
processedImage2048.png,k
processedImage2049.png,k
processedImage2050.png,k
processedImage2051.png,k
processedImage2052.png,k
processedImage2053.png,k
processedImage2054.png,k
processedImage2055.png,k
processedImage2056.png,k
processedImage2057.png,k
processedImage2058.png,k
processedImage2059.png,k
processedImage2060.png,k
processedImage2061.png,k
processedImage2062.png,k
processedImage2063.png,k
processedImage2064.png,k
processedImage2065.png,k
processedImage2066.png,k
processedImage2067.png,k
processedImage2068.png,k
processedImage2069.png,k
processedImage2070.png,k
processedImage2071.png,k
processedImage2072.png,k
processedImage2073.png,k
processedImage2074.png,k
processedImage2075.png,k
processedImage2076.png,k
processedImage2077.png,k
processedImage2078.png,k
processedImage2079.png,k
processedImage2080.png,k
processedImage2081.png,k
processedImage2082.png,k
processedImage2083.png,k
processedImage2084.png,k
processedImage2085.png,k
processedImage2086.png,k
processedImage2087.png,k
processedImage2088.png,k
processedImage2089.png,k
processedImage2090.png,k
processedImage2091.png,k
processedImage2092.png,k
processedImage2093.png,k
processedImage2094.png,k
processedImage2095.png,k
processedImage2096.png,k
processedImage2097.png,k
processedImage2098.png,k
processedImage2099.png,k
processedImage2100.png,k
processedImage2101.png,k
processedImage2102.png,k
processedImage2103.png,k
processedImage2104.png,k
processedImage2105.png,k
processedImage2106.png,k
processedImage2107.png,k
processedImage2108.png,k
processedImage2109.png,k
processedImage2110.png,k
processedImage2111.png,k
processedImage2112.png,k
processedImage2113.png,k
processedImage2114.png,k
processedImage2115.png,k
processedImage2116.png,k
processedImage2117.png,k
processedImage2118.png,k
processedImage2119.png,k
processedImage2120.png,k
processedImage2121.png,k
processedImage2122.png,k
processedImage2123.png,k
processedImage2124.png,k
processedImage2125.png,k
processedImage2126.png,k
processedImage2127.png,k
processedImage2128.png,k
processedImage2129.png,k
processedImage2130.png,k
processedImage2131.png,k
processedImage2132.png,k
processedImage2133.png,k
processedImage2134.png,k
processedImage2135.png,k
processedImage2136.png,k
processedImage2137.png,k
processedImage2138.png,k
processedImage2139.png,k
processedImage2140.png,k
processedImage2141.png,k
processedImage2142.png,k
processedImage2143.png,k
processedImage2144.png,k
processedImage2145.png,k
processedImage2146.png,k
processedImage2147.png,k
processedImage2148.png,k
processedImage2149.png,k
processedImage2150.png,k
processedImage2151.png,k
processedImage2152.png,k
processedImage2153.png,k
processedImage2154.png,k
processedImage2155.png,k
processedImage2156.png,k
processedImage2157.png,k
processedImage2158.png,k
processedImage2159.png,k
processedImage2160.png,k
processedImage2161.png,k
processedImage2162.png,k
processedImage2163.png,k
processedImage2164.png,k
processedImage2165.png,k
processedImage2166.png,k
processedImage2167.png,k
processedImage2168.png,k
processedImage2169.png,k
processedImage2170.png,k
processedImage2171.png,k
processedImage2172.png,k
processedImage2173.png,k
processedImage2174.png,k
processedImage2175.png,k
processedImage2176.png,k
processedImage2177.png,k
processedImage2178.png,k
processedImage2179.png,k
processedImage2180.png,k
processedImage2181.png,k
processedImage2182.png,k
processedImage2183.png,k
processedImage2184.png,k
processedImage2185.png,k
processedImage2186.png,k
processedImage2187.png,k
processedImage2188.png,k
processedImage2189.png,k
processedImage2190.png,k
processedImage2191.png,k
processedImage2192.png,k
processedImage2193.png,k
processedImage2194.png,k
processedImage2195.png,k
processedImage2196.png,k
processedImage2197.png,k
processedImage2198.png,k
processedImage2199.png,k
processedImage2200.png,k