﻿file_name,label
processedImage1001.png,f
processedImage1002.png,f
processedImage1003.png,f
processedImage1004.png,f
processedImage1005.png,f
processedImage1006.png,f
processedImage1007.png,f
processedImage1008.png,f
processedImage1009.png,f
processedImage1010.png,f
processedImage1011.png,f
processedImage1012.png,f
processedImage1013.png,f
processedImage1014.png,f
processedImage1015.png,f
processedImage1016.png,f
processedImage1017.png,f
processedImage1018.png,f
processedImage1019.png,f
processedImage1020.png,f
processedImage1021.png,f
processedImage1022.png,f
processedImage1023.png,f
processedImage1024.png,f
processedImage1025.png,f
processedImage1026.png,f
processedImage1027.png,f
processedImage1028.png,f
processedImage1029.png,f
processedImage1030.png,f
processedImage1031.png,f
processedImage1032.png,f
processedImage1033.png,f
processedImage1034.png,f
processedImage1035.png,f
processedImage1036.png,f
processedImage1037.png,f
processedImage1038.png,f
processedImage1039.png,f
processedImage1040.png,f
processedImage1041.png,f
processedImage1042.png,f
processedImage1043.png,f
processedImage1044.png,f
processedImage1045.png,f
processedImage1046.png,f
processedImage1047.png,f
processedImage1048.png,f
processedImage1049.png,f
processedImage1050.png,f
processedImage1051.png,f
processedImage1052.png,f
processedImage1053.png,f
processedImage1054.png,f
processedImage1055.png,f
processedImage1056.png,f
processedImage1057.png,f
processedImage1058.png,f
processedImage1059.png,f
processedImage1060.png,f
processedImage1061.png,f
processedImage1062.png,f
processedImage1063.png,f
processedImage1064.png,f
processedImage1065.png,f
processedImage1066.png,f
processedImage1067.png,f
processedImage1068.png,f
processedImage1069.png,f
processedImage1070.png,f
processedImage1071.png,f
processedImage1072.png,f
processedImage1073.png,f
processedImage1074.png,f
processedImage1075.png,f
processedImage1076.png,f
processedImage1077.png,f
processedImage1078.png,f
processedImage1079.png,f
processedImage1080.png,f
processedImage1081.png,f
processedImage1082.png,f
processedImage1083.png,f
processedImage1084.png,f
processedImage1085.png,f
processedImage1086.png,f
processedImage1087.png,f
processedImage1088.png,f
processedImage1089.png,f
processedImage1090.png,f
processedImage1091.png,f
processedImage1092.png,f
processedImage1093.png,f
processedImage1094.png,f
processedImage1095.png,f
processedImage1096.png,f
processedImage1097.png,f
processedImage1098.png,f
processedImage1099.png,f
processedImage1100.png,f
processedImage1101.png,f
processedImage1102.png,f
processedImage1103.png,f
processedImage1104.png,f
processedImage1105.png,f
processedImage1106.png,f
processedImage1107.png,f
processedImage1108.png,f
processedImage1109.png,f
processedImage1110.png,f
processedImage1111.png,f
processedImage1112.png,f
processedImage1113.png,f
processedImage1114.png,f
processedImage1115.png,f
processedImage1116.png,f
processedImage1117.png,f
processedImage1118.png,f
processedImage1119.png,f
processedImage1120.png,f
processedImage1121.png,f
processedImage1122.png,f
processedImage1123.png,f
processedImage1124.png,f
processedImage1125.png,f
processedImage1126.png,f
processedImage1127.png,f
processedImage1128.png,f
processedImage1129.png,f
processedImage1130.png,f
processedImage1131.png,f
processedImage1132.png,f
processedImage1133.png,f
processedImage1134.png,f
processedImage1135.png,f
processedImage1136.png,f
processedImage1137.png,f
processedImage1138.png,f
processedImage1139.png,f
processedImage1140.png,f
processedImage1141.png,f
processedImage1142.png,f
processedImage1143.png,f
processedImage1144.png,f
processedImage1145.png,f
processedImage1146.png,f
processedImage1147.png,f
processedImage1148.png,f
processedImage1149.png,f
processedImage1150.png,f
processedImage1151.png,f
processedImage1152.png,f
processedImage1153.png,f
processedImage1154.png,f
processedImage1155.png,f
processedImage1156.png,f
processedImage1157.png,f
processedImage1158.png,f
processedImage1159.png,f
processedImage1160.png,f
processedImage1161.png,f
processedImage1162.png,f
processedImage1163.png,f
processedImage1164.png,f
processedImage1165.png,f
processedImage1166.png,f
processedImage1167.png,f
processedImage1168.png,f
processedImage1169.png,f
processedImage1170.png,f
processedImage1171.png,f
processedImage1172.png,f
processedImage1173.png,f
processedImage1174.png,f
processedImage1175.png,f
processedImage1176.png,f
processedImage1177.png,f
processedImage1178.png,f
processedImage1179.png,f
processedImage1180.png,f
processedImage1181.png,f
processedImage1182.png,f
processedImage1183.png,f
processedImage1184.png,f
processedImage1185.png,f
processedImage1186.png,f
processedImage1187.png,f
processedImage1188.png,f
processedImage1189.png,f
processedImage1190.png,f
processedImage1191.png,f
processedImage1192.png,f
processedImage1193.png,f
processedImage1194.png,f
processedImage1195.png,f
processedImage1196.png,f
processedImage1197.png,f
processedImage1198.png,f
processedImage1199.png,f
processedImage1200.png,f