﻿file_name,label
processedImage4201.png,v
processedImage4202.png,v
processedImage4203.png,v
processedImage4204.png,v
processedImage4205.png,v
processedImage4206.png,v
processedImage4207.png,v
processedImage4208.png,v
processedImage4209.png,v
processedImage4210.png,v
processedImage4211.png,v
processedImage4212.png,v
processedImage4213.png,v
processedImage4214.png,v
processedImage4215.png,v
processedImage4216.png,v
processedImage4217.png,v
processedImage4218.png,v
processedImage4219.png,v
processedImage4220.png,v
processedImage4221.png,v
processedImage4222.png,v
processedImage4223.png,v
processedImage4224.png,v
processedImage4225.png,v
processedImage4226.png,v
processedImage4227.png,v
processedImage4228.png,v
processedImage4229.png,v
processedImage4230.png,v
processedImage4231.png,v
processedImage4232.png,v
processedImage4233.png,v
processedImage4234.png,v
processedImage4235.png,v
processedImage4236.png,v
processedImage4237.png,v
processedImage4238.png,v
processedImage4239.png,v
processedImage4240.png,v
processedImage4241.png,v
processedImage4242.png,v
processedImage4243.png,v
processedImage4244.png,v
processedImage4245.png,v
processedImage4246.png,v
processedImage4247.png,v
processedImage4248.png,v
processedImage4249.png,v
processedImage4250.png,v
processedImage4251.png,v
processedImage4252.png,v
processedImage4253.png,v
processedImage4254.png,v
processedImage4255.png,v
processedImage4256.png,v
processedImage4257.png,v
processedImage4258.png,v
processedImage4259.png,v
processedImage4260.png,v
processedImage4261.png,v
processedImage4262.png,v
processedImage4263.png,v
processedImage4264.png,v
processedImage4265.png,v
processedImage4266.png,v
processedImage4267.png,v
processedImage4268.png,v
processedImage4269.png,v
processedImage4270.png,v
processedImage4271.png,v
processedImage4272.png,v
processedImage4273.png,v
processedImage4274.png,v
processedImage4275.png,v
processedImage4276.png,v
processedImage4277.png,v
processedImage4278.png,v
processedImage4279.png,v
processedImage4280.png,v
processedImage4281.png,v
processedImage4282.png,v
processedImage4283.png,v
processedImage4284.png,v
processedImage4285.png,v
processedImage4286.png,v
processedImage4287.png,v
processedImage4288.png,v
processedImage4289.png,v
processedImage4290.png,v
processedImage4291.png,v
processedImage4292.png,v
processedImage4293.png,v
processedImage4294.png,v
processedImage4295.png,v
processedImage4296.png,v
processedImage4297.png,v
processedImage4298.png,v
processedImage4299.png,v
processedImage4300.png,v
processedImage4301.png,v
processedImage4302.png,v
processedImage4303.png,v
processedImage4304.png,v
processedImage4305.png,v
processedImage4306.png,v
processedImage4307.png,v
processedImage4308.png,v
processedImage4309.png,v
processedImage4310.png,v
processedImage4311.png,v
processedImage4312.png,v
processedImage4313.png,v
processedImage4314.png,v
processedImage4315.png,v
processedImage4316.png,v
processedImage4317.png,v
processedImage4318.png,v
processedImage4319.png,v
processedImage4320.png,v
processedImage4321.png,v
processedImage4322.png,v
processedImage4323.png,v
processedImage4324.png,v
processedImage4325.png,v
processedImage4326.png,v
processedImage4327.png,v
processedImage4328.png,v
processedImage4329.png,v
processedImage4330.png,v
processedImage4331.png,v
processedImage4332.png,v
processedImage4333.png,v
processedImage4334.png,v
processedImage4335.png,v
processedImage4336.png,v
processedImage4337.png,v
processedImage4338.png,v
processedImage4339.png,v
processedImage4340.png,v
processedImage4341.png,v
processedImage4342.png,v
processedImage4343.png,v
processedImage4344.png,v
processedImage4345.png,v
processedImage4346.png,v
processedImage4347.png,v
processedImage4348.png,v
processedImage4349.png,v
processedImage4350.png,v
processedImage4351.png,v
processedImage4352.png,v
processedImage4353.png,v
processedImage4354.png,v
processedImage4355.png,v
processedImage4356.png,v
processedImage4357.png,v
processedImage4358.png,v
processedImage4359.png,v
processedImage4360.png,v
processedImage4361.png,v
processedImage4362.png,v
processedImage4363.png,v
processedImage4364.png,v
processedImage4365.png,v
processedImage4366.png,v
processedImage4367.png,v
processedImage4368.png,v
processedImage4369.png,v
processedImage4370.png,v
processedImage4371.png,v
processedImage4372.png,v
processedImage4373.png,v
processedImage4374.png,v
processedImage4375.png,v
processedImage4376.png,v
processedImage4377.png,v
processedImage4378.png,v
processedImage4379.png,v
processedImage4380.png,v
processedImage4381.png,v
processedImage4382.png,v
processedImage4383.png,v
processedImage4384.png,v
processedImage4385.png,v
processedImage4386.png,v
processedImage4387.png,v
processedImage4388.png,v
processedImage4389.png,v
processedImage4390.png,v
processedImage4391.png,v
processedImage4392.png,v
processedImage4393.png,v
processedImage4394.png,v
processedImage4395.png,v
processedImage4396.png,v
processedImage4397.png,v
processedImage4398.png,v
processedImage4399.png,v
processedImage4400.png,v